,,,,,,,,,,sd_reg_none(1)_greatdeal(5),sd_stop_cv_disagree(1)_stronglyagree(7),McD_following_sd_reg_disagree(1)_stronglyagree(7),TB_comparision_disagree(1)_stronglyagree(7),JITB_comparison_disagree(1)_stronglyagree(7),option_nocontact_delivery_UberEats_definitelynot(1)_definitelyyes(5),Change_PPE_McD_UberEats_definetlynot(1)_definityyes(5),Single_use_items_definitelynot(1)_definitelyyes(5),wash_hands_frequently_definitelyfalse(1)_definitelytrue(5),consiouos_spreading_germs_disagree(1)_stronglyagree(7),familiar_diff_delivery_apps_notfamiliar(5)_extremelyfamiliar(5),ordered_delivery_before_extremelyunlikely(1)_extremelylikely(5),UberEats_preference_donotprefer(1)_preferalot(5),DoorDash_preference_donotprefer(1)_preferalot(5),GrubHub_preference_donotprefer(1)_preferalot(5),cv_diagnosed_yes(1)_no(2),know_someone_diagnosed_cv_yes(1)_no(2),go_out_regularly_yes(1)_no(2),order_ff_more_frequently_stronglydisagree(1)_stronglyagree(7),care_about_deliveryfee_stronglydisagree(1)_stronglyagree(7),donotcare_deliveryfee_stronglydisagree(1)_stronglyagree(7),keep_ordering_after_cv_stronglydisagree(1)_stronglyagree(7),CDC_regulations_definitelyfalse(1)_definitelytrue(5),CDC_implementred_inside_extremelyuncomfortable(1)_extremelycomfortable(7),TB_comparison_CDC_reg_muchworse(1)_muchbetter(7),JITB_comparison_CDC_reg_muchworse(1)_muchbetter(7),McD_thoughts_extremelybad(1)_extremelygood(5),TB_thoughts_extremelybad(1)_extremelygood(5),JITB_thoughts_extremelybad(1)_extremelygood(5),food_handled_before_cv_stronglydisagree(1)_stronglyagree(7),food_handled_now_cv_stronglydisagree(1)_stronglyagree(7),see_changes_after_cv_stronglydisagree(1)_stronglyagree(7),employed_before_cv_yes(1)_no(2)_prefernot(3),keep_track_of_spending_habits_stronglydisagree(1)_stronglyagree(7),bought_ff_often_stronglydisagree(1)_stronglyagree(7),value_menu_before_cv_extremelyunlikely(1)_extremelylikely(7),McD_value_menu_before_cv_extremelyunlikely(1)_extremelylikely(7),TB_value_menu_before_cv_extremelyunlikely(1)_extremelylikely(7),JITB_value_menu_before_cv_extremelyunlikely(1)_extremelylikely(7),cv_effect_unemployment_yes(1)_no(2)_prefernot(3),unemployment_more_aware_spending_stronglydisagree(1)_stronglyagree(7),buy_ff_more_often_stronglydisagree(1)_stronglyagree(7),still_buy_value_menu_from_ff_stronglydisagree(1)_stronglyagree(7),McD_frequently_value_menu_never(1)_daily(5),TB_frequently_value_menu_never(1)_daily(5),JITB_frequently_value_menu_never(1)_daily(5),drive_through_when_ordering_stronglydisagree(1)_stronglyagree(7),drive_through_rush_stronglydisagree(1)_stronglyagree(7),small_orders_stronglydisagree(1)_stronglyagree(7),productivity_employess_stronglydisagree(1)_stronglyagree(7),faster_drive_through_stronglydisagree(1)_stronglyagree(7),only_drive_through_stronglydisagree(1)_stronglyagree(7),attention_check_somewhatgood(2),gender_male(1)_female(2)_prefernot(3),age,live_in_pullman_yes(1)_no(2),cv_impacted_living_status_yes(1)_no(2),english_first_language_yes(1)_no(2),,,
V1,V2,V3,V4,V5,V6,V7,V8,V9,V10,Q1,Q2,Q3,Q4_2,Q4_3,Q5,Q6,Q7,Q8,Q9,Q10,Q11,Q66,Q67,Q68,Q12,Q13,Q14,Q15,Q16,Q17,Q18,Q20,Q21,Q22_2,Q22_3,Q69,Q70,Q71,Q23,Q24,Q25,Q26,Q27,Q28,Q29,Q30,Q72,Q73,Q31,Q32,Q33,Q34,Q35,,Q75,Q36,Q37,Q38,Q39,Q40,Q41,Q1,Q2,Q3,Q4,Q5,Q6,LocationLatitude,LocationLongitude,LocationAccuracy
ResponseID,ResponseSet,Name,ExternalDataReference,EmailAddress,IPAddress,Status,StartDate,EndDate,Finished,Are you following social distancing regulations?,To what extent do you agree with the following statements: It is important to social distance in...,I think McDonald's is following social distancing regulations.,"In comparison McDonald's,to what extent do you think the following restuarants are doing a good j...-Taco Bell","In comparison McDonald's,to what extent do you think the following restuarants are doing a good j...-Jack in the Box",To what extent have you recognized an option for no contact delivery on Uber Eats?,Have you noticed a change in the amount of PPE (personal protective equipment) that both McDonald...,"Have you noticed a change in the presence of single use items (used gloves, used pens, etc.)?",Do you wash your hands frequently throughout the day?,To what extent are you conscious about spreading germs to others around you?,How familiar are you with the different delivery apps available?,Have you ordered from different delivery apps before?,What are your preferences on Uber Eats?,What are your preferences on Door Dash?,What are your preferences on Grub Hub?,Have you been diagnosed with Coronavirus?,Do you know someone who has been diagnosed with Coronavirus?,Do you go out regularly even thought there is a stay-at-home order?,To what extent do you agree with the following questions? I order fast food delivery more frequen...,I care about the cost of delivery before ordering fast food.,I do not care about the cost of delivery if it is from a specific fast food restaurant I want to...,I will keep ordering fast food delivery even after the Coronavirus has ended. ,I know what the new CDC regulations are ...,How comfortable do you feel with the new CDC regulations being implemented inside fast food resta...,How do you think McDonald's is handling the new CDC regulations compared to other fast food resta...-Taco Bell,How do you think McDonald's is handling the new CDC regulations compared to other fast food resta...-Jack in the Box,What are your thoughts on McDonald's?,What are your thought on Taco Bell?,What are your thought on Jack in the Box?,To what extent do you agree with the following statements: I did not notice how my food was being...,I feel secure with how my food is being handled by the employees now. ,"I would like to see the changes on how my food is being handled stay, even after Coronavirus has...",Were you employed before the Coronavirus? ,To what extent do you agree with the following statements: I kept track keep track of my spending...,I bought fast food often.,How likely would you buy value menu items from fast food restaurants before Coronavirus?,How frequently did you buy value menu items from McDonald's?,How frequently did you buy value menu items from Taco Bell?,How frequently did you buy value menu items from Jack in the Box?,Did Coronavirus effect your employment status?,To what extent do you agree with the following statements: impact from unemployment has made me m...,I buy fast food more often now.,To what extent do you still buy value menu items from fast food restaurants?,How frequently do you still buy value menu items from McDonald's?,How frequently do you still buy value menu items from Taco Bell?,How frequently do you still buy value menu items from Jack in the Box?,To what extent do you agree with the following statements: I tend to go through the drive through...,I only go through the drive through when I am in a rush.,I only go through the drive through when I have small orders.,To what extent do you agree with the following statements: I have noticed a change in productivit...,"With no customers allowed inside the restaurant, I have recognized a faster drive through. ",I would recommend fast food restaurants only having drive through's. ,"How is your day? Although we would love to know, this is an attention check question. Please sele...",What is your gender?,What is your age?,"Do you currently live in Pullman, Washington?",Has Coronavirus impacted your living status?,Is English your first language?,LocationLatitude,LocationLongitude,LocationAccuracy
R_2R2OpcrKpZ0o8nS,Default Response Set,Anonymous,,,134.49.235.65,0,6/5/2020 18:07,6/5/2020 18:12,1,2,7,6,7,7,3,4,4,5,7,1,2,1,1,1,2,2,1,1,1,1,1,5,7,4,4,3,3,3,2,4,4,2,4,7,4,3,16,20,2,4,6,4,3,1,5,4,4,7,6,2,7,3,1,19,1,2,2,46.73139954,-117.1733017,-1
R_VJ7xIwLhgNaqVP3,Default Response Set,Anonymous,,,69.166.47.174,0,6/5/2020 18:08,6/5/2020 18:12,1,5,7,5,5,6,4,4,4,4,6,4,4,4,4,4,2,2,2,1,7,1,1,4,6,6,6,4,4,4,6,6,6,1,6,2,4,2,17,17,1,5,5,5,2,2,2,4,4,4,2,2,2,3,2,26,1,1,2,46.73139954,-117.1733017,-1
R_aXWVLHxDB4mkdWN,Default Response Set,Anonymous,,,98.146.199.3,0,6/5/2020 18:10,6/5/2020 18:14,1,2,4,5,4,3,4,5,2,3,6,3,4,5,4,3,3,2,3,4,7,4,3,4,6,6,6,5,3,4,4,3,5,3,5,3,4,4,19,18,3,3,4,5,4,3,4,4,5,4,6,6,6,4,2,23,1,1,2,46.73139954,-117.1733017,-1
R_sn7gK7UdapfxhCN,Default Response Set,Anonymous,,,69.166.47.173,0,6/5/2020 18:11,6/5/2020 18:19,1,4,6,6,5,5,3,4,4,2,5,4,4,2,5,2,2,2,2,3,7,6,6,4,5,5,4,4,4,4,5,5,3,3,7,6,3,3,17,17,1,7,4,5,2,2,2,1,7,6,6,6,5,2,3,31,1,1,2,46.73139954,-117.1733017,-1
R_3k6yuX40ntdIgCe,Default Response Set,Anonymous,,,98.145.93.1,0,6/5/2020 18:20,6/5/2020 18:22,1,1,1,1,2,2,4,5,4,1,5,1,3,4,1,1,1,1,1,1,1,1,1,1,1,1,1,5,5,5,7,7,6,3,6,6,7,4,19,19,3,5,4,5,5,5,5,7,7,6,7,7,7,2,2,25,1,1,1,46.73139954,-117.1733017,-1
R_W0eouXrMVpev8Cl,Default Response Set,Anonymous,,,98.146.200.156,0,6/5/2020 18:14,6/5/2020 18:22,1,4,6,6,6,6,4,4,3,4,6,2,4,2,3,3,2,2,2,4,4,4,5,4,5,4,4,4,4,4,7,5,7,2,4,4,4,1,16,16,3,5,5,5,1,1,1,6,6,5,4,4,4,2,2,21,1,1,2,46.73139954,-117.1733017,-1
R_5mCJVeV8TBS2MpP,Default Response Set,Anonymous,,,134.49.235.199,0,6/5/2020 18:12,6/5/2020 18:24,1,4,7,6,6,6,5,4,4,4,5,2,1,1,1,1,2,2,2,1,5,2,1,4,5,5,5,4,4,4,6,3,5,2,3,1,5,1,16,16,2,4,1,2,1,1,1,6,2,2,5,2,2,2,2,26,1,1,2,46.73139954,-117.1733017,-1
R_2PpRl77VfBCdXgp,Default Response Set,Anonymous,,,50.52.119.227,0,6/5/2020 18:19,6/5/2020 18:25,1,5,7,5,4,4,3,3,3,5,5,3,3,3,3,3,2,2,2,4,6,2,4,3,4,4,4,3,3,3,4,4,4,3,4,2,4,1,16,16,3,4,2,4,1,1,1,4,4,4,4,4,4,2,2,22,1,2,2,46.73139954,-117.1733017,-1
R_3pbZriroMU9TN1M,Default Response Set,Anonymous,,,69.166.47.134,0,6/5/2020 18:22,6/5/2020 18:32,1,5,6,4,4,4,4,4,4,5,6,5,4,3,5,3,2,2,2,5,5,4,4,1,4,4,4,3,3,3,4,6,6,2,5,2,4,2,16,16,2,2,3,4,2,1,1,1,1,1,2,2,4,1,1,？,1,1,2,46.73139954,-117.1733017,-1
R_1P1XDff5Wzhe4MO,Default Response Set,Anonymous,,,69.166.47.145,0,6/5/2020 18:26,6/5/2020 18:36,1,4,7,4,4,4,3,3,4,5,4,1,1,1,1,1,2,2,2,1,3,3,1,2,6,4,4,3,3,3,5,5,5,2,5,1,2,2,17,17,3,4,2,4,2,2,2,4,6,4,4,4,4,2,1,23,1,1,2,46.73139954,-117.1733017,-1
R_1cRMHJL6CEU54Hi,Default Response Set,Anonymous,,,98.145.134.17,0,6/5/2020 18:31,6/5/2020 18:45,1,5,1,1,1,1,1,2,2,5,1,2,4,1,4,4,2,2,2,1,5,2,5,3,4,4,4,3,3,3,5,6,6,2,5,2,3,2,16,16,1,5,5,3,1,1,1,5,2,2,5,6,5,2,2,30,1,1,2,46.73139954,-117.1733017,-1
R_25NkbArbYW6FWnU,Default Response Set,Anonymous,,,134.49.235.218,0,6/5/2020 18:15,6/5/2020 19:03,1,5,7,5,6,5,4,4,3,5,4,2,1,3,3,3,2,2,2,1,5,4,1,4,4,4,4,4,4,4,3,5,5,1,5,2,5,2,17,17,1,5,1,4,2,1,1,5,4,4,5,5,4,3,2,20,1,1,2,46.73139954,-117.1733017,-1
R_2rPK2JxPCAUtYoF,Default Response Set,Anonymous,,,68.234.245.204,0,6/5/2020 19:03,6/5/2020 19:11,1,2,7,7,7,7,3,3,5,5,7,4,5,5,5,5,2,2,3,7,6,4,7,3,4,4,4,5,4,4,4,4,4,2,4,4,4,2,16,16,3,4,4,4,2,1,1,4,4,4,4,4,4,3,1,20,1,2,2,46.73139954,-117.1733017,-1
R_2YLHpGxXX1fRfXZ,Default Response Set,Anonymous,,,134.49.235.85,0,6/5/2020 19:08,6/5/2020 19:19,1,4,7,7,7,7,3,3,4,4,6,3,5,5,5,3,2,2,3,5,3,4,6,4,4,5,5,4,3,3,6,6,6,2,3,6,5,3,17,17,3,4,4,5,3,2,2,6,6,6,5,5,4,2,1,24,1,1,2,46.73139954,-117.1733017,-1
R_7POTMYEjDMgYeIN,Default Response Set,Anonymous,,,73.254.108.3,0,6/5/2020 19:21,6/5/2020 19:43,1,4,6,6,6,6,3,4,4,5,5,3,4,3,3,2,2,2,2,5,6,3,5,4,5,5,5,4,3,4,5,6,7,2,4,3,5,2,16,17,1,5,2,4,2,1,2,6,4,4,5,2,3,3,2,26,2,2,2,47.83529663,-122.2839966,-1
R_21hWMcwHWb7fK1o,Default Response Set,Anonymous,,,69.166.47.173,0,6/5/2020 19:39,6/5/2020 19:44,1,5,5,6,6,6,4,3,3,4,6,3,3,3,3,3,3,3,3,6,6,6,6,4,6,6,1,4,4,4,5,5,3,3,7,7,7,5,20,20,3,7,7,6,4,5,5,7,7,7,7,7,6,5,2,38,1,1,2,46.73139954,-117.1733017,-1
R_2aRFxpC1nVRf7pO,Default Response Set,Anonymous,,,76.178.21.221,0,6/5/2020 18:25,6/6/2020 1:14,1,5,7,4,4,4,3,3,3,3,4,5,5,4,4,2,3,3,3,1,4,4,4,3,4,4,4,4,4,4,5,5,5,1,5,6,6,1,17,16,1,5,1,2,1,1,1,6,6,4,5,6,6,2,2,22,1,2,2,46.73139954,-117.1733017,-1
R_2QFc2TNPr8tBA3X,Default Response Set,Anonymous,,,50.52.119.227,0,6/6/2020 6:53,6/6/2020 6:55,1,3,3,5,3,4,2,3,3,3,3,4,3,4,2,4,2,1,2,3,4,2,4,3,3,3,3,2,4,4,5,3,6,2,4,4,4,2,18,18,2,3,5,5,4,3,4,4,3,6,5,2,6,4,2,18,1,1,2,46.73139954,-117.1733017,-1
R_1dzBKb7XrNFAqfK,Default Response Set,Anonymous,,,223.102.3.240,0,6/6/2020 6:54,6/6/2020 6:56,1,2,1,3,1,1,1,1,3,2,1,1,4,3,4,2,2,3,2,1,3,4,4,3,6,4,3,4,5,2,2,2,1,2,7,4,1,2,20,17,1,1,4,1,2,2,2,7,6,2,2,2,3,3,3,20,2,2,2,38.91220093,121.6022034,-1
R_28BvEbdqSgXoEkh,Default Response Set,Anonymous,,,58.39.120.99,0,6/6/2020 7:23,6/6/2020 7:25,1,4,4,3,1,4,1,1,2,2,3,3,3,4,3,3,1,1,1,1,6,3,3,2,3,4,2,3,4,3,3,4,2,2,3,2,5,3,19,18,2,5,4,1,2,5,3,1,1,3,2,3,1,1,1,lls,1,1,1,31.04490662,121.4012146,-1
R_1eOYnXzBQKQFpO3,Default Response Set,Anonymous,,,98.146.229.78,0,6/6/2020 9:01,6/6/2020 9:05,1,5,7,5,4,4,3,3,3,3,4,3,3,3,3,3,2,2,2,4,4,4,4,3,4,5,5,3,3,3,4,4,4,2,4,4,4,3,18,18,2,3,3,3,3,3,3,3,3,3,3,3,3,3,2,40,1,1,2,46.73139954,-117.1733017,-1
R_1lfvaemTXpcCEP5,Default Response Set,Anonymous,,,73.140.20.71,0,6/6/2020 10:08,6/6/2020 10:16,1,3,6,6,4,4,3,4,4,4,6,3,2,2,2,2,2,2,3,5,6,2,2,4,3,2,5,3,3,3,2,3,5,2,5,2,1,1,16,16,2,2,2,2,1,1,1,2,2,2,5,4,2,2,2,23,2,2,2,47.61309814,-122.2052994,-1
R_2qmars3fvvZuT3H,Default Response Set,Anonymous,,,73.83.45.207,0,6/6/2020 11:01,6/6/2020 11:10,1,2,5,4,4,4,4,2,5,4,6,4,4,1,3,1,2,2,1,2,2,7,1,4,4,4,4,2,2,2,5,4,6,1,5,2,5,1,16,16,2,4,1,4,1,1,1,6,4,4,4,2,5,2,2,21,2,2,1,47.76780701,-122.1186981,-1
R_Y4FMDLsbYfqPFh7,Default Response Set,Anonymous,,,47.6.204.163,0,6/6/2020 11:03,6/6/2020 11:10,1,3,5,4,4,5,4,4,4,5,5,4,5,3,3,2,2,2,1,5,6,2,5,3,4,4,4,4,4,4,3,4,5,2,4,5,4,1,16,17,2,4,4,4,1,1,2,5,4,2,2,2,3,2,2,22,2,1,1,46.22920227,-119.1705017,-1
R_3jAaaJ8FhtQJ2mt,Default Response Set,Anonymous,,,174.204.77.42,0,6/6/2020 11:07,6/6/2020 11:16,1,1,5,4,4,4,3,4,4,5,6,4,4,4,3,1,2,2,1,2,7,2,6,4,4,4,4,4,4,3,3,5,3,2,5,5,5,1,16,16,2,6,2,6,2,1,1,7,2,2,2,2,4,2,2,21,2,2,1,47.20300293,-122.488205,-1
R_20Pte72Dah4Pnc4,Default Response Set,Anonymous,,,69.166.47.173,0,6/6/2020 11:11,6/6/2020 11:17,1,5,7,4,4,4,3,3,3,5,7,3,1,2,2,2,2,2,2,1,4,1,4,4,4,4,4,3,3,3,6,6,6,2,6,3,3,2,17,16,1,6,2,4,1,1,1,6,7,1,4,4,4,2,1,38,1,1,2,46.73139954,-117.1733017,-1
R_SNcbJr4o9XOsel3,Default Response Set,Anonymous,,,69.166.47.134,0,6/6/2020 11:21,6/6/2020 11:36,1,5,7,4,6,6,4,4,4,5,6,2,4,2,5,2,3,3,2,5,6,3,2,4,6,6,6,4,4,4,6,6,6,2,6,3,3,1,16,16,3,6,2,5,2,1,1,2,2,2,5,6,5,2,2,19,1,1,2,46.73300171,-117.1789017,-1
R_1ezsaZRfP4eYMV6,Default Response Set,Anonymous,,,73.109.69.128,0,6/6/2020 12:40,6/6/2020 12:47,1,2,6,4,4,4,3,5,5,5,5,5,5,2,1,2,2,1,1,5,7,2,1,3,4,4,4,5,4,5,3,2,4,1,7,5,7,2,16,16,1,5,2,6,2,1,1,7,1,1,4,6,1,2,2,21,2,2,1,48.86450195,-122.5952988,-1
R_2y3ktMyf0QGVECb,Default Response Set,Anonymous,,,98.146.203.36,0,6/6/2020 15:12,6/6/2020 15:26,1,4,7,4,4,4,4,4,4,5,6,2,3,2,2,2,2,2,3,1,5,5,4,4,4,4,4,3,3,3,5,5,5,2,5,1,1,1,16,16,2,2,2,2,1,1,1,1,2,2,4,4,1,2,2,60,1,1,2,46.73139954,-117.1733017,-1
R_1kIdcJnHLjr4ZNq,Default Response Set,Anonymous,,,76.178.181.249,0,6/6/2020 22:19,6/6/2020 22:26,1,4,6,5,4,4,1,3,3,4,6,3,4,2,2,1,2,2,2,4,4,4,4,2,3,4,4,3,3,3,4,3,4,2,5,4,5,2,16,17,2,5,3,4,1,1,1,4,4,4,4,4,5,3,2,22,1,1,2,46.73139954,-117.1733017,-1
R_2YaKMTVk5wZEFNr,Default Response Set,Anonymous,,,69.166.47.134,0,6/7/2020 15:29,6/7/2020 15:34,1,5,7,7,6,5,5,5,4,5,7,3,3,2,3,1,2,2,2,7,6,4,4,4,7,6,4,4,4,3,1,7,6,2,6,6,4,2,17,16,2,1,6,5,2,2,1,5,6,6,6,6,5,2,2,20,1,1,2,46.73139954,-117.1733017,-1
R_2VKKOIOk39XP6x2,Default Response Set,Anonymous,,,172.58.91.13,0,6/7/2020 15:32,6/7/2020 15:40,1,5,6,6,5,5,3,4,4,5,6,3,4,2,3,1,2,2,1,4,4,3,5,4,5,4,4,4,3,4,5,4,4,2,5,2,3,2,16,17,2,5,2,4,2,1,2,4,5,3,5,2,4,3,2,26,2,2,2,37.75059509,-122.4121017,-1
R_SU9U3cxGdeyiM2B,Default Response Set,Anonymous,,,98.146.200.156,0,6/7/2020 16:03,6/7/2020 16:06,1,5,7,7,7,6,5,5,5,4,5,5,5,5,5,5,2,2,2,7,7,5,6,4,6,6,6,5,5,5,6,7,7,2,6,7,7,3,18,17,1,7,7,6,3,2,2,7,6,6,7,7,5,2,1,21,1,1,2,46.73139954,-117.1733017,-1
R_3Ejb4B9Y2cYOoMZ,Default Response Set,Anonymous,,,183.192.35.253,0,6/7/2020 18:10,6/7/2020 18:12,1,3,4,3,4,3,3,4,4,3,3,4,3,3,2,3,2,2,1,1,2,3,4,4,6,4,3,3,4,3,4,2,3,2,3,5,4,4,19,17,2,4,4,3,2,3,3,4,3,3,4,5,6,4,2,27,1,2,2,31.04490662,121.4012146,-1
R_1GJuO3FKDGSWhnb,Default Response Set,Anonymous,,,98.146.200.156,0,6/7/2020 18:09,6/7/2020 18:15,1,4,7,6,5,5,3,3,4,4,7,3,4,2,2,2,2,2,2,6,6,5,5,4,6,4,4,4,4,4,5,5,5,1,5,4,5,4,18,18,2,5,4,4,2,1,1,4,4,4,6,5,5,2,2,22,1,1,2,46.73139954,-117.1733017,-1
R_5yybE0l4Cydwmxb,Default Response Set,Anonymous,,,98.145.134.168,0,6/7/2020 18:10,6/7/2020 18:19,1,3,7,5,1,5,4,3,5,4,5,4,4,2,4,2,2,2,1,6,7,2,5,4,6,6,5,4,2,3,4,5,5,1,6,5,5,3,16,19,2,5,4,5,3,1,4,6,6,4,6,5,5,2,2,22,1,2,2,46.73139954,-117.1733017,-1
R_XiUjUU3SEb1Hxrb,Default Response Set,Anonymous,,,134.49.235.38,0,6/7/2020 18:16,6/7/2020 18:21,1,5,7,7,7,7,5,5,5,5,7,4,5,3,3,3,2,2,2,5,7,5,4,4,6,7,7,4,4,4,4,5,6,2,5,5,6,4,17,17,2,5,5,5,5,2,2,5,4,4,7,7,7,2,1,21,1,1,2,46.73139954,-117.1733017,-1
R_2sTOUvCdzhus3wd,Default Response Set,Anonymous,,,98.146.200.156,0,6/7/2020 18:16,6/7/2020 18:22,1,5,7,7,7,7,5,5,5,5,7,5,5,4,3,3,2,2,2,7,7,5,6,4,5,6,6,5,4,4,7,7,6,2,6,7,6,3,18,17,1,5,5,5,3,2,3,6,6,6,6,5,6,4,1,21,1,1,2,46.73139954,-117.1733017,-1
R_AA2AirjnaYbmkvv,Default Response Set,Anonymous,,,172.58.46.250,0,6/7/2020 18:18,6/7/2020 18:24,1,4,7,4,4,4,4,3,3,4,7,3,4,2,2,2,3,2,1,3,7,2,4,3,4,4,4,3,3,3,6,3,6,2,5,4,5,1,16,16,2,4,2,1,1,1,1,4,4,4,5,4,7,3,1,19,1,1,2,47.44410706,-122.3249054,-1
R_3oU8yngmUKJTuj3,Default Response Set,Anonymous,,,98.146.205.45,0,6/7/2020 18:09,6/7/2020 18:32,1,5,7,7,6,6,4,5,5,4,2,4,4,1,3,3,2,2,2,4,5,4,4,3,3,3,3,4,3,4,6,5,5,2,4,5,4,2,16,17,2,4,4,4,2,1,2,6,3,3,5,6,2,2,1,24,1,1,2,46.73139954,-117.1733017,-1
R_3PH4PEy4JSZeAFf,Default Response Set,Anonymous,,,173.72.6.215,0,6/7/2020 18:30,6/7/2020 18:34,1,4,1,4,4,4,5,3,3,5,6,4,4,4,4,3,2,1,1,3,3,3,3,2,4,2,2,3,3,3,3,3,3,2,6,2,3,3,18,16,1,3,1,2,2,3,1,1,1,4,4,3,4,2,2,24,2,1,2,40.26690674,-74.65110016,-1
R_1jHEh4nq0iehF3f,Default Response Set,Anonymous,,,36.113.97.57,0,6/7/2020 18:37,6/7/2020 18:40,1,3,3,2,4,3,3,3,3,3,4,3,3,3,3,3,2,2,3,7,6,4,4,3,3,4,3,3,3,3,2,2,5,2,3,5,3,2,19,19,2,3,4,3,5,5,5,2,2,2,3,1,3,3,1,30,1,2,2,31.04490662,121.4012146,-1
R_2dgMpDG6i1mkr6i,Default Response Set,Anonymous,,,76.178.181.17,0,6/7/2020 18:23,6/7/2020 18:41,1,1,2,4,2,1,2,2,3,3,4,3,3,3,3,2,3,2,3,2,2,5,3,3,5,3,4,5,4,3,2,2,2,3,3,3,4,3,19,17,3,4,3,5,3,5,4,3,3,4,3,4,5,3,1,24,1,1,2,46.73139954,-117.1733017,-1
R_2zTGZiMNKoh9M3P,Default Response Set,Anonymous,,,69.166.47.145,0,6/7/2020 18:38,6/7/2020 18:46,1,2,7,6,6,6,3,2,4,2,2,1,1,1,1,1,2,2,1,1,7,1,1,1,4,4,4,2,2,1,4,4,1,2,4,1,1,2,16,17,1,7,1,1,1,1,1,4,4,4,3,3,3,2,2,24,1,2,2,46.73139954,-117.1733017,-1
R_bfLYqUZcLlOmf2F,Default Response Set,Anonymous,,,69.166.46.137,0,6/7/2020 18:40,6/7/2020 18:46,1,5,7,7,6,7,3,4,4,5,3,1,1,1,1,1,2,2,2,1,1,1,1,5,7,7,7,5,5,5,4,6,7,2,4,6,4,3,17,16,1,4,6,6,3,2,1,7,7,7,5,4,4,2,1,27,1,1,2,46.73139954,-117.1733017,-1
R_sGrZivZ5qrR27Pr,Default Response Set,Anonymous,,,223.104.111.164,0,6/7/2020 17:48,6/7/2020 19:01,1,3,7,2,4,4,3,4,3,5,4,3,4,3,3,3,2,1,2,2,6,3,2,4,4,4,4,3,3,2,4,4,4,2,2,2,3,2,17,16,2,4,2,3,1,1,1,6,6,3,4,4,2,3,1,23,2,1,2,34.68359375,113.5325012,-1
R_ddqs39G258gNHt7,Default Response Set,Anonymous,,,73.254.108.3,0,6/7/2020 18:56,6/7/2020 19:01,1,5,6,6,4,4,3,3,3,5,6,3,4,3,3,1,2,2,1,2,2,2,5,4,5,4,4,3,3,3,4,5,5,2,5,2,3,2,16,17,2,5,2,4,2,1,2,4,4,4,5,2,4,3,2,26,2,2,2,47.83529663,-122.2839966,-1
R_1Fs1MRlfGhaTA30,Default Response Set,Anonymous,,,172.58.27.188,0,6/7/2020 19:11,6/7/2020 19:24,1,4,6,6,6,6,1,1,1,5,6,3,3,3,3,3,2,2,2,2,6,5,2,3,3,4,4,5,5,5,5,5,6,1,5,2,1,1,16,16,1,6,2,2,1,1,1,2,6,2,6,3,5,4,2,44,2,1,2,34.07719421,-117.4505997,-1
R_3EumTfypHmvtipI,Default Response Set,Anonymous,,,175.167.128.185,0,6/7/2020 19:17,6/7/2020 19:30,1,5,7,6,6,6,5,5,5,4,6,3,2,4,2,2,2,2,2,6,3,6,6,3,5,4,4,4,4,4,4,6,6,2,5,5,6,2,16,17,2,4,6,5,3,1,3,6,4,4,5,6,6,4,1,28,2,2,2,41.22610474,123.0560913,-1
R_u54ED73WENtnHbz,Default Response Set,Anonymous,,,108.172.152.59,0,6/7/2020 19:59,6/7/2020 20:09,1,5,7,7,4,4,3,2,2,5,7,1,2,2,2,2,2,1,2,2,7,2,1,2,3,3,3,2,2,2,7,2,7,2,7,2,2,4,16,16,1,6,2,1,1,1,1,4,4,4,4,4,4,2,1,21,2,1,2,49.25840759,-123.1455994,-1
R_3I0o68P28lVm7pI,Default Response Set,Anonymous,,,125.84.189.131,0,6/7/2020 21:55,6/7/2020 22:05,1,5,7,4,4,4,5,3,4,4,4,5,5,1,5,1,2,2,2,7,6,2,4,3,4,4,4,4,3,3,4,5,4,2,3,5,6,4,16,17,2,4,6,6,2,1,1,1,1,1,6,6,4,3,1,22,2,1,2,29.55690002,106.5531006,-1
R_2CIkedCQpZ3Dm1S,Default Response Set,Anonymous,,,69.166.47.171,0,6/7/2020 18:34,6/8/2020 0:18,1,5,5,6,4,4,4,4,2,2,5,2,3,2,4,3,1,3,2,5,2,3,4,2,5,2,5,3,4,4,3,3,1,2,5,4,2,3,18,19,2,4,3,3,4,4,2,2,3,4,3,2,5,3,3,31,1,1,2,46.73300171,-117.1789017,-1
R_sA3oD0Y0YWPfPln,Default Response Set,Anonymous,,,107.77.195.69,0,6/8/2020 2:17,6/8/2020 3:10,1,4,7,4,4,4,5,2,1,4,5,4,5,3,2,2,2,1,1,6,7,1,4,2,2,4,4,3,3,3,3,4,4,2,4,5,2,1,16,16,3,6,5,4,1,1,1,6,4,3,7,5,3,2,1,20,2,1,2,39.95869446,-82.998703,-1
R_30i4cbTj7TfzFo3,Default Response Set,Anonymous,,,24.18.102.168,0,6/8/2020 16:05,6/8/2020 16:07,1,1,5,3,6,6,3,1,4,4,6,3,4,4,2,4,2,1,2,3,5,5,2,4,3,3,5,3,2,3,3,6,1,2,4,2,6,4,18,18,3,3,2,7,4,3,3,4,4,4,5,5,3,3,2,26,1,1,1,47.01109314,-122.875,-1
R_2q3fpwqgBPZ4EtT,Default Response Set,Anonymous,,,69.166.47.173,0,6/8/2020 16:08,6/8/2020 16:22,1,4,7,4,4,4,2,1,4,4,7,1,1,1,1,1,2,2,1,1,6,5,1,2,4,4,4,4,4,4,6,6,5,1,4,2,2,1,16,16,2,4,2,5,1,1,1,2,4,4,5,6,6,4,2,28,1,1,2,46.73139954,-117.1733017,-1
R_2ARUQoXFtrhrzrX,Default Response Set,Anonymous,,,134.49.235.243,0,6/8/2020 16:20,6/8/2020 16:30,1,4,6,7,7,4,5,4,5,3,3,1,1,3,3,3,2,2,2,1,6,1,4,3,2,4,5,4,2,4,4,5,7,1,6,1,7,1,16,16,1,7,1,4,1,1,1,1,1,1,5,6,1,2,1,27,1,1,2,46.73139954,-117.1733017,-1
R_3JseWUaS1LA5a9P,Default Response Set,Anonymous,,,174.195.207.0,0,6/8/2020 16:41,6/8/2020 16:44,1,2,1,6,6,6,2,2,3,3,3,2,2,2,2,2,2,1,1,2,2,6,6,4,6,4,4,4,4,3,6,6,6,3,7,7,7,5,20,20,3,3,3,6,4,4,4,6,6,6,6,6,6,5,3,22,2,1,2,33.94490051,-117.3834,-1
R_1EhZZZkv0MswODs,Default Response Set,Anonymous,,,104.247.128.118,0,6/8/2020 16:45,6/8/2020 16:49,1,1,1,3,3,5,1,2,3,2,3,2,3,4,5,4,1,2,1,1,6,4,6,2,4,4,4,1,1,4,6,3,3,1,6,6,2,2,17,17,1,3,3,6,2,2,2,5,5,5,6,6,6,2,1,23,1,1,1,37.5625,-122.0003967,-1
R_2YrgtVdlajWKJkp,Default Response Set,Anonymous,,,136.36.11.200,0,6/8/2020 16:43,6/8/2020 16:51,1,4,7,4,4,4,4,3,3,4,5,2,3,3,3,3,2,1,2,2,7,7,3,4,3,4,4,4,3,3,6,2,7,1,5,3,6,2,17,16,1,5,2,7,2,2,1,2,2,2,5,3,5,4,2,26,2,1,2,40.23420715,-111.6442032,-1
R_2w5GdMT46ASTVch,Default Response Set,Anonymous,,,142.120.54.69,0,6/8/2020 16:52,6/8/2020 16:58,1,4,7,6,6,5,4,4,4,5,7,4,4,4,4,4,3,3,2,3,6,2,6,3,4,6,6,4,4,4,5,5,5,3,6,4,5,2,16,16,2,4,4,4,2,1,1,7,4,4,4,4,4,2,2,20,2,1,2,43.65350342,-79.40200043,-1
R_2wHspLuPL6HZmp9,Default Response Set,Anonymous,,,108.45.75.125,0,6/8/2020 16:53,6/8/2020 17:11,1,4,6,5,4,4,5,4,4,5,6,4,4,2,5,4,2,2,2,5,7,4,6,5,1,4,4,3,3,3,1,2,6,2,3,2,4,2,16,16,2,4,3,4,2,1,1,6,6,4,4,6,4,2,2,18,2,2,2,39.17230225,-77.18299866,-1
R_1EcC9afrxg1Mi2v,Default Response Set,Anonymous,,,76.178.133.136,0,6/8/2020 17:14,6/8/2020 17:19,1,5,7,4,4,4,5,3,3,5,6,5,5,3,1,2,2,1,1,4,6,2,5,3,4,4,4,3,3,3,6,2,6,2,4,4,4,1,16,16,2,6,2,4,2,1,1,6,6,6,4,2,4,2,2,20,1,1,2,46.73139954,-117.1733017,-1
R_brTqsViipewlZHX,Default Response Set,Anonymous,,,60.165.25.193,0,6/8/2020 17:40,6/8/2020 17:44,1,1,3,2,2,2,2,2,2,2,2,2,2,2,3,3,1,1,1,1,1,1,1,2,2,3,1,4,4,2,1,2,3,1,2,2,2,2,18,18,1,1,3,2,1,2,3,2,1,2,2,1,1,2,1,30,1,1,2,35.20820618,105.7456055,-1
R_3g5EqmTCn7h0qIy,Default Response Set,Anonymous,,,142.202.230.168,0,6/8/2020 16:32,6/8/2020 18:52,1,5,7,6,6,5,4,4,4,4,5,3,3,2,4,3,2,2,1,6,6,2,4,2,5,6,5,4,4,3,5,3,6,3,3,5,4,2,16,16,1,6,6,4,2,1,1,1,4,5,5,5,4,3,2,23,1,1,2,46.73139954,-117.1733017,-1
R_0fuCgJLWA4wywHn,Default Response Set,Anonymous,,,108.17.124.32,0,6/8/2020 19:38,6/8/2020 19:45,1,5,7,6,7,7,5,3,4,5,7,5,5,3,4,5,2,2,2,6,5,2,6,4,6,5,4,4,3,3,5,5,7,2,5,3,6,2,16,16,1,5,5,4,1,1,1,5,2,2,6,4,5,2,1,25,2,1,2,40.47250366,-79.9108963,-1
R_1FyR0cs579KLtmB,Default Response Set,Anonymous,,,76.229.165.76,0,6/8/2020 19:38,6/8/2020 19:48,1,4,7,4,4,4,5,2,5,5,5,3,5,2,2,4,2,2,2,6,7,6,6,4,6,4,4,4,4,3,2,4,6,1,5,6,6,2,17,16,1,6,4,6,2,2,1,2,6,4,6,6,2,4,1,25,2,1,2,25.60620117,-80.34519958,-1
R_3GEfyt167m3YUhe,Default Response Set,Anonymous,,,45.79.73.242,0,6/8/2020 19:40,6/8/2020 19:50,1,1,1,1,1,1,1,1,1,1,1,1,1,1,1,1,1,1,1,1,1,1,1,1,1,1,1,1,1,1,1,1,1,1,1,1,1,1,16,16,1,1,1,1,1,1,2,1,1,1,1,1,1,1,1,no,1,1,1,37.5625,-122.0003967,-1
R_2l8bXUDVi2lUdkl,Default Response Set,Anonymous,,,142.162.113.123,0,6/8/2020 19:40,6/8/2020 19:54,1,4,6,6,5,6,3,4,3,4,5,2,5,3,3,3,2,2,1,3,4,6,2,4,5,6,6,4,3,3,6,5,6,2,5,2,5,2,17,17,2,5,2,2,2,2,2,4,4,4,4,2,2,3,1,20,2,1,2,44.68139648,-63.65709686,-1
R_DkRdJcQR00kpkSl,Default Response Set,Anonymous,,,120.84.12.232,0,6/8/2020 19:40,6/8/2020 19:59,1,2,6,4,4,4,4,3,3,5,4,5,3,2,1,2,2,2,2,4,4,4,4,3,6,4,5,3,3,3,4,4,4,2,4,4,4,1,16,16,1,6,4,4,1,1,1,4,4,4,4,4,4,3,2,26,2,2,2,23.02870178,113.1340942,-1
R_3JaYSPpHP6KuogE,Default Response Set,Anonymous,,,99.105.192.190,0,6/8/2020 19:56,6/8/2020 20:01,1,3,1,1,4,4,3,3,3,3,4,3,3,3,3,3,3,3,3,4,4,4,4,3,4,4,4,3,3,3,4,4,4,3,4,4,4,2,17,17,3,4,4,4,2,2,2,4,4,4,4,4,4,3,3,23,2,2,2,42.46069336,-83.45819855,-1
R_yQpyqxpeJjZ1AGd,Default Response Set,Anonymous,,,50.52.119.227,0,6/8/2020 20:00,6/8/2020 20:02,1,4,1,1,1,2,2,2,5,3,2,2,2,2,3,3,2,2,1,7,7,7,5,3,3,3,6,3,1,1,2,4,5,2,6,4,5,5,20,17,1,1,2,4,4,2,2,1,5,4,4,6,4,2,3,19,1,1,1,46.73139954,-117.1733017,-1
R_1gGRJCLqhN5GYLA,Default Response Set,Anonymous,,,72.217.43.177,0,6/8/2020 19:38,6/8/2020 20:04,1,5,7,4,7,7,5,5,5,3,7,3,2,5,3,3,2,2,1,4,2,4,7,4,3,3,5,4,3,5,3,4,3,2,3,3,4,2,16,18,1,3,7,7,5,1,3,7,7,6,7,7,7,2,1,22,2,1,2,32.21229553,-110.8789978,-1
R_swfDqPjXac4AX3H,Default Response Set,Anonymous,,,134.49.234.28,0,6/8/2020 18:12,6/8/2020 20:05,1,5,7,6,5,5,4,4,4,4,4,3,3,3,3,3,1,1,1,2,6,1,1,2,4,7,7,3,3,3,6,6,7,1,7,1,1,1,16,16,2,4,4,4,2,1,1,7,7,7,4,4,4,3,1,25,1,1,2,46.73139954,-117.1733017,-1
R_3HjDEKHSXvjMLDX,Default Response Set,Anonymous,,,98.146.206.65,0,6/8/2020 20:01,6/8/2020 20:12,1,5,7,6,4,4,1,1,1,5,4,1,1,1,1,1,2,1,2,1,1,3,1,2,1,4,4,4,3,3,6,7,7,1,2,1,7,2,16,16,2,4,1,1,1,1,1,1,1,1,4,4,4,3,2,30,1,2,2,46.73139954,-117.1733017,-1
R_1GZd5KzSKCZHZoL,Default Response Set,Anonymous,,,36.128.132.201,0,6/8/2020 20:10,6/8/2020 20:12,1,2,2,1,2,2,1,3,3,1,4,2,3,3,2,2,1,2,1,2,1,3,3,4,3,3,4,4,1,3,2,1,1,2,4,4,3,2,17,17,2,2,5,3,3,3,2,3,2,3,1,6,4,3,3,is,1,1,1,38.91220093,121.6022034,-1
R_1BPCZQR5msHqkFx,Default Response Set,Anonymous,,,123.185.79.121,0,6/8/2020 20:11,6/8/2020 20:13,1,1,4,4,3,5,1,4,3,3,3,1,4,4,3,2,2,1,1,1,2,3,5,3,3,3,4,4,3,2,2,3,5,2,5,7,3,4,18,17,2,2,2,3,4,2,1,2,3,5,1,5,5,3,3,20,2,1,2,38.91220093,121.6022034,-1
R_0p6xeg3utbOQkbn,Default Response Set,Anonymous,,,223.104.176.162,0,6/8/2020 20:12,6/8/2020 20:14,1,1,2,1,1,3,2,1,1,1,2,1,1,1,1,1,1,1,1,1,1,1,1,1,1,1,1,1,1,1,1,1,1,1,1,1,1,1,16,16,1,1,1,1,1,2,1,1,1,1,1,1,1,1,1,20,1,1,1,38.91220093,121.6022034,-1
R_1fk3tGO5wzI6qHJ,Default Response Set,Anonymous,,,112.42.54.246,0,6/8/2020 20:11,6/8/2020 20:14,1,1,1,1,1,1,1,1,1,1,1,1,1,1,1,1,1,1,1,1,1,1,1,1,1,1,1,1,1,1,1,1,1,1,1,1,1,1,17,16,1,1,1,1,1,1,1,1,1,1,1,1,1,1,1,21,1,1,1,38.91220093,121.6022034,-1
R_1JOsoa2zLtBa7SN,Default Response Set,Anonymous,,,123.185.120.29,0,6/8/2020 20:11,6/8/2020 20:16,1,2,3,3,1,3,3,3,3,3,4,3,3,3,3,3,3,3,2,3,4,2,4,3,4,1,1,3,3,3,3,3,3,2,3,4,3,2,17,17,2,3,4,3,3,2,2,2,3,3,3,2,3,3,2,20,1,1,1,38.96670532,121.6333008,-1
R_TvmsRsTarTEVczL,Default Response Set,Anonymous,,,112.42.69.108,0,6/8/2020 20:14,6/8/2020 20:17,1,5,6,5,5,5,4,4,3,3,4,3,2,5,3,3,2,2,2,2,3,3,3,3,2,4,2,3,1,4,2,2,4,2,2,4,4,3,18,17,3,4,2,4,2,2,3,4,3,4,3,2,4,2,2,20,1,1,2,38.91220093,121.6022034,-1
R_2abq4SU1uJ6NFDv,Default Response Set,Anonymous,,,112.39.108.192,0,6/8/2020 20:14,6/8/2020 20:17,1,1,2,3,3,4,2,2,3,3,5,1,2,3,3,3,2,1,1,4,4,4,5,3,3,2,3,1,1,3,4,5,5,2,2,6,2,2,19,18,3,5,4,3,2,3,3,4,3,4,5,5,5,2,2,wsss,1,1,1,41.78059387,123.4312134,-1
R_0JIviCSHmq04H8R,Default Response Set,Anonymous,,,223.104.177.103,0,6/8/2020 20:17,6/8/2020 20:19,1,2,3,4,3,2,1,2,4,2,5,2,3,4,4,3,2,1,1,5,4,3,1,2,3,4,3,4,3,2,1,4,2,2,2,2,3,2,18,18,1,2,4,3,1,3,4,3,3,3,1,2,3,3,1,20,1,1,1,38.91220093,121.6022034,-1
R_3iyDS1wtUMKto5c,Default Response Set,Anonymous,,,59.46.232.114,0,6/8/2020 20:19,6/8/2020 20:21,1,3,3,4,6,4,3,3,3,3,4,3,3,3,3,3,3,3,3,4,4,3,4,3,4,4,1,3,3,3,4,4,4,3,4,3,4,3,19,18,3,4,3,3,2,3,2,4,4,4,4,4,4,3,1,21,2,2,2,38.91220093,121.6022034,-1
R_1ozsFwfmGQLccTp,Default Response Set,Anonymous,,,111.27.21.78,0,6/8/2020 20:26,6/8/2020 20:28,1,3,3,5,3,4,4,3,1,2,4,1,3,4,4,4,2,3,3,3,3,4,3,5,5,5,6,5,5,3,1,1,6,3,7,3,3,4,19,18,2,5,4,2,2,4,2,1,5,4,5,3,5,2,3,23,1,1,2,43.85079956,126.5603027,-1
R_BMprN0vZeehfAFr,Default Response Set,Anonymous,,,112.40.74.5,0,6/8/2020 20:25,6/8/2020 20:29,1,1,3,4,2,4,3,3,2,3,6,4,4,4,5,3,1,1,1,2,7,4,4,3,3,5,6,4,5,4,4,6,6,3,3,5,3,4,19,20,2,6,6,5,5,4,3,7,6,6,6,5,6,5,3,20,2,1,1,38.91220093,121.6022034,-1
R_1eQwY9z0P6WSqMG,Default Response Set,Anonymous,,,112.102.211.85,0,6/8/2020 20:28,6/8/2020 20:30,1,1,2,3,2,4,2,1,2,3,2,5,4,4,3,2,2,2,1,2,7,3,5,4,2,5,4,5,5,3,3,5,5,2,1,2,5,5,18,17,2,2,1,7,3,4,2,3,3,3,5,4,3,5,3,21,1,2,1,45.75,126.6499939,-1
R_3I5EUpWVvwQOfKk,Default Response Set,Anonymous,,,222.133.239.248,0,6/8/2020 20:35,6/8/2020 20:43,1,1,1,5,3,4,1,3,4,2,4,3,5,5,1,4,2,1,2,1,5,5,6,3,4,6,5,5,1,1,3,7,6,3,1,6,3,3,17,17,2,5,4,4,4,5,4,3,3,6,3,2,1,4,3,30,1,1,2,31.04490662,121.4012146,-1
R_3FWG1khFXOOrRT7,Default Response Set,Anonymous,,,223.104.237.108,0,6/8/2020 20:41,6/8/2020 20:43,1,1,2,2,1,2,1,3,1,3,1,2,1,3,2,1,3,2,1,1,1,4,3,2,2,3,2,3,1,1,1,1,1,3,1,2,4,1,17,18,2,1,1,1,2,1,2,1,3,4,1,1,1,3,3,19,2,1,2,38.91220093,121.6022034,-1
R_3fDiUmnfJyKGC2f,Default Response Set,Anonymous,,,172.58.43.132,0,6/8/2020 20:38,6/8/2020 20:47,1,3,7,6,2,6,4,4,5,5,7,1,3,1,1,1,2,2,2,3,5,4,4,4,6,4,4,4,4,4,3,6,5,2,6,3,5,2,16,17,1,6,3,4,1,1,2,5,5,4,5,4,4,3,2,26,1,2,2,47.44670105,-122.2684021,-1
R_2upqt9MXt9Z2S8b,Default Response Set,Anonymous,,,42.249.11.41,0,6/8/2020 20:52,6/8/2020 20:54,1,2,5,2,1,2,3,2,3,1,3,4,3,3,2,3,1,2,2,2,2,3,6,1,1,2,7,1,4,4,1,3,2,1,5,2,1,3,17,20,1,1,3,1,5,5,4,1,6,4,4,5,5,1,2,21,2,2,2,41.11669922,122.0499878,-1
R_2c0I8YmTEctWqEY,Default Response Set,Anonymous,,,153.169.236.186,0,6/8/2020 20:53,6/8/2020 20:55,1,1,1,2,1,2,3,4,2,1,5,3,3,2,1,3,2,3,2,1,1,3,5,3,5,4,4,2,1,2,1,6,5,2,4,4,2,3,18,20,2,3,4,2,5,5,2,1,2,6,5,2,4,3,3,20,1,2,2,35.42649841,139.515686,-1
R_1dKTgx0KPrdM7ur,Default Response Set,Anonymous,,,153.169.236.186,0,6/8/2020 20:56,6/8/2020 20:57,1,4,3,6,5,5,3,5,3,1,5,2,4,3,4,3,1,1,2,1,2,3,1,5,5,6,5,4,3,4,2,2,3,2,6,6,3,5,20,18,2,2,4,2,4,5,4,1,3,5,1,4,6,2,3,22,1,1,1,35.42649841,139.515686,-1
R_3G7Vy6a0sEW9WQ0,Default Response Set,Anonymous,,,103.3.139.68,0,6/8/2020 20:58,6/8/2020 21:01,1,1,3,6,2,6,2,3,5,3,6,2,5,5,2,4,3,3,1,1,4,3,4,4,6,5,5,5,5,2,2,5,7,3,5,1,4,4,18,18,2,6,5,4,4,4,3,2,7,5,2,4,5,3,3,en,2,2,1,44.30230713,86.03689575,-1
R_Y4dI9DrVCFRfryh,Default Response Set,Anonymous,,,1.36.249.60,0,6/8/2020 20:58,6/8/2020 21:04,1,5,7,6,5,4,4,5,3,5,5,5,5,2,2,2,2,1,2,6,7,5,4,5,7,5,5,4,3,3,5,6,7,2,5,5,7,2,16,16,2,6,6,5,2,1,1,7,4,4,6,6,3,1,1,21,2,1,2,22.29089355,114.1499939,-1
R_2OZxygqFdC8vpmR,Default Response Set,Anonymous,,,42.249.58.60,0,6/7/2020 18:38,6/8/2020 21:15,1,2,2,3,4,4,1,2,3,1,2,1,2,3,4,3,1,1,2,1,2,2,5,1,3,5,4,4,4,3,2,2,6,1,2,4,3,4,20,19,2,4,5,2,4,5,3,2,1,1,1,1,3,3,3,21,2,2,2,41.78059387,123.4312134,-1
R_eQayoN88f4GoL6x,Default Response Set,Anonymous,,,172.58.46.214,0,6/8/2020 20:16,6/8/2020 21:20,1,1,7,4,3,6,4,3,3,1,4,4,4,3,5,5,1,2,1,3,1,4,2,3,3,5,6,4,4,2,2,1,4,2,1,5,4,5,19,19,2,2,3,4,5,5,4,1,2,3,2,4,7,4,3,22,2,1,1,47.44410706,-122.3249054,-1
R_3ffPy8XmRajJX3E,Default Response Set,Anonymous,,,71.84.180.241,0,6/8/2020 22:57,6/8/2020 23:02,1,3,7,6,6,6,4,4,4,5,7,3,4,4,4,4,2,2,2,4,4,4,4,4,6,4,4,4,3,3,4,4,4,2,4,4,4,1,16,16,2,4,4,4,1,1,1,4,4,4,4,4,4,3,2,26,2,2,2,46.32569885,-119.3067017,-1
R_3PuyXZtoICFLAXG,Default Response Set,Anonymous,,,76.178.183.173,0,6/7/2020 19:43,6/8/2020 23:02,1,2,2,2,1,2,2,2,2,2,5,2,3,2,2,3,1,1,1,2,2,3,3,2,1,2,3,2,3,2,2,2,1,1,1,5,5,2,16,17,1,2,3,2,2,2,2,3,3,3,2,2,2,1,1,23,1,1,1,46.73139954,-117.1733017,-1
R_2fCBbKxT4QYivdD,Default Response Set,Anonymous,,,104.175.65.124,0,6/8/2020 22:53,6/8/2020 23:05,1,4,7,6,5,6,5,5,4,4,6,4,5,4,4,4,2,2,1,4,6,4,4,4,6,6,6,4,4,4,5,5,6,1,5,5,6,2,17,17,1,6,4,5,2,2,2,6,7,6,6,7,5,1,1,25,2,1,2,34.15350342,-117.8457031,-1
R_bEguA6wdseN01Ud,Default Response Set,Anonymous,,,107.77.205.125,0,6/8/2020 23:01,6/8/2020 23:09,1,3,6,4,6,4,3,3,3,5,5,4,3,2,4,1,2,2,2,4,2,4,3,3,4,4,4,4,4,4,4,4,4,1,4,2,4,2,17,17,1,4,2,2,1,1,1,4,4,4,4,4,4,2,2,22,1,2,2,61.20339966,-149.7595062,-1
R_3PuFU1vObMnGQj2,Default Response Set,Anonymous,,,42.3.72.211,0,6/8/2020 23:03,6/8/2020 23:12,1,3,6,5,5,5,3,4,4,4,4,3,4,3,3,3,2,2,2,5,7,1,6,3,4,6,6,4,3,3,6,5,5,2,5,5,5,3,16,16,2,4,5,5,3,1,1,4,4,4,4,4,5,3,1,20,2,2,2,22.31370544,114.1836853,-1
R_5sRHkPsZRKckG2J,Default Response Set,Anonymous,,,69.166.47.134,0,6/8/2020 22:59,6/8/2020 23:12,1,5,7,4,4,4,4,2,3,5,5,4,4,3,4,1,2,2,2,1,3,4,1,4,4,4,4,4,4,3,5,3,7,2,3,2,4,1,16,16,1,2,1,1,1,1,1,1,1,1,2,2,1,2,2,22,1,1,2,46.73300171,-117.1789017,-1
R_8v2ju2mSr6o58kx,Default Response Set,Anonymous,,,124.135.87.34,0,6/8/2020 23:21,6/8/2020 23:27,1,5,7,6,7,7,4,4,4,5,7,4,4,3,3,3,2,2,2,2,2,6,2,4,6,6,6,4,4,4,5,6,6,2,5,2,5,2,17,17,2,4,2,4,2,2,2,6,2,2,5,5,3,2,2,27,2,1,2,36.06599426,120.3693848,-1
R_1ilHMk1mI5Vgc9H,Default Response Set,Anonymous,,,172.58.44.246,0,6/8/2020 23:36,6/8/2020 23:42,1,4,6,4,4,4,3,3,3,4,4,2,1,1,1,1,2,2,3,1,6,1,1,4,4,4,4,3,3,3,5,3,5,2,6,3,4,2,16,16,2,6,1,1,1,1,1,6,6,6,4,4,1,2,1,25,1,2,2,43.63389587,-116.2942047,-1
R_5717LKqBSfFiXmh,Default Response Set,Anonymous,,,122.96.42.124,0,6/9/2020 7:57,6/9/2020 7:59,1,1,5,2,1,1,1,4,4,1,6,4,3,3,3,3,2,2,2,1,3,2,3,3,4,3,5,3,5,5,1,5,6,1,1,2,1,2,18,18,2,3,4,4,3,3,3,3,2,4,3,3,3,4,3,23,2,1,2,32.06170654,118.7778015,-1
R_1luFXWYQI0nvn1p,Default Response Set,Anonymous,,,76.178.179.203,0,6/8/2020 22:54,6/9/2020 10:50,1,5,6,2,6,5,4,4,1,5,7,2,2,3,3,4,3,2,2,1,4,5,5,2,6,1,2,3,3,3,3,4,4,3,3,4,4,4,19,18,1,3,5,5,3,4,3,5,5,5,4,7,4,4,2,24,1,1,2,46.73139954,-117.1733017,-1
R_32SlAYtjwWHuSBr,Default Response Set,Anonymous,,,71.193.159.114,0,6/10/2020 11:32,6/10/2020 11:37,1,2,5,6,6,6,1,4,4,3,5,5,4,3,3,3,2,2,1,5,7,1,5,2,2,4,4,4,4,2,6,6,2,1,5,6,6,2,17,16,1,2,2,6,2,2,1,7,2,3,6,5,7,3,1,22,2,1,1,45.63780212,-122.5238953,-1
R_eFYnEEtl0cTVGWl,Default Response Set,Anonymous,,,98.146.205.101,0,6/5/2020 18:08,6/5/2020 18:08,0,,,,,,,,,,,,,,,,,,,,,,,,,,,,,,,,,,,,,,,,,,,,,,,,,,,,,,,,,,,,,-1
R_vP8njtElUE1ma9X,Default Response Set,Anonymous,,,73.59.70.225,0,6/5/2020 18:09,6/5/2020 18:09,0,4,6,6,4,4,,,,,,,,,,,,,,,,,,,,,,,,,,,,,,,,,,,,,,,,,,,,,,,,,,,,,,,,-1
R_prOjBS3V55runKh,Default Response Set,Anonymous,,,76.178.181.249,0,6/5/2020 18:13,6/5/2020 18:13,0,,,,,,,,,,,,,,,,,,,,,,,,,,,,,,,,,,,,,,,,,,,,,,,,,,,,,,,,,,,,,-1
R_1dvrAgx5OArYOsG,Default Response Set,Anonymous,,,134.49.234.228,0,6/5/2020 18:13,6/5/2020 18:13,0,,,,,,,,,,,,,,,,,,,,,,,,,,,,,,,,,,,,,,,,,,,,,,,,,,,,,,,,,,,,,-1
R_27KjHbjQRKdF2bu,Default Response Set,Anonymous,,,65.24.172.116,0,6/5/2020 18:13,6/5/2020 18:14,0,5,7,4,4,4,3,3,3,,,,,,,,,,,,,,,,,,,,,,,,,,,,,,,,,,,,,,,,,,,,,,,,,,,,,-1
R_NWOVbpFdrklUiMV,Default Response Set,Anonymous,,,113.127.159.17,0,6/5/2020 18:15,6/5/2020 18:17,0,5,7,6,7,7,,,,,,,,,,,,,,,,,,,,,,,,,,,,,,,,,,,,,,,,,,,,,,,,,,,,,,,,-1
R_2cc14H9umQrHFMI,Default Response Set,Anonymous,,,134.49.235.58,0,6/5/2020 18:17,6/5/2020 18:17,0,3,5,6,3,3,,,,,,,,,,,,,,,,,,,,,,,,,,,,,,,,,,,,,,,,,,,,,,,,,,,,,,,,-1
R_1d5KY37idZ4NlaH,Default Response Set,Anonymous,,,134.49.235.38,0,6/5/2020 18:20,6/5/2020 18:20,0,,,,,,,,,,,,,,,,,,,,,,,,,,,,,,,,,,,,,,,,,,,,,,,,,,,,,,,,,,,,,-1
R_T6IoiI9BHNJUf4d,Default Response Set,Anonymous,,,172.58.43.202,0,6/5/2020 18:21,6/5/2020 18:21,0,,,,,,,,,,,,,,,,,,,,,,,,,,,,,,,,,,,,,,,,,,,,,,,,,,,,,,,,,,,,,-1
R_1jPwdaz6ahCy5j6,Default Response Set,Anonymous,,,76.178.20.131,0,6/5/2020 18:22,6/5/2020 18:22,0,,,,,,,,,,,,,,,,,,,,,,,,,,,,,,,,,,,,,,,,,,,,,,,,,,,,,,,,,,,,,-1
R_1dzUHbiAXsAkQ9r,Default Response Set,Anonymous,,,98.146.205.122,0,6/5/2020 18:29,6/5/2020 18:30,0,4,6,6,4,7,,,,,,,,,,,,,,,,,,,,,,,,,,,,,,,,,,,,,,,,,,,,,,,,,,,,,,,,-1
R_2CVXluPZTR9G3bp,Default Response Set,Anonymous,,,98.146.192.40,0,6/5/2020 18:31,6/5/2020 18:31,0,,,,,,,,,,,,,,,,,,,,,,,,,,,,,,,,,,,,,,,,,,,,,,,,,,,,,,,,,,,,,-1
R_25EkjSkhw5RU6b1,Default Response Set,Anonymous,,,134.49.235.79,0,6/5/2020 18:41,6/5/2020 18:41,0,,,,,,,,,,,,,,,,,,,,,,,,,,,,,,,,,,,,,,,,,,,,,,,,,,,,,,,,,,,,,-1
R_3p3dmvFalzotA9u,Default Response Set,Anonymous,,,172.58.44.227,0,6/5/2020 18:43,6/5/2020 18:43,0,,,,,,,,,,,,,,,,,,,,,,,,,,,,,,,,,,,,,,,,,,,,,,,,,,,,,,,,,,,,,-1
R_2qC1T7gzNdKxrjs,Default Response Set,Anonymous,,,144.255.53.89,0,6/5/2020 18:45,6/5/2020 18:46,0,3,6,6,5,5,,,,,,,,,,,,,,,,,,,,,,,,,,,,,,,,,,,,,,,,,,,,,,,,,,,,,,,,-1
R_293QtXV4eKedVHF,Default Response Set,Anonymous,,,69.166.47.165,0,6/5/2020 18:54,6/5/2020 18:55,0,3,5,4,4,4,1,1,3,5,2,,,,,,,,,,,,,,,,,,,,,,,,,,,,,,,,,,,,,,,,,,,,,,,,,,,-1
R_3Oqr3siGxwwEhcw,Default Response Set,Anonymous,,,134.49.235.218,0,6/5/2020 19:03,6/5/2020 19:04,0,,,,,,,,,,,,,,,,,,,,,,,,,,,,,,,,,,,,,,,,,,,,,,,,,,,,,,,,,,,,,-1
R_2YyaZdxvQ0sutVt,Default Response Set,Anonymous,,,98.146.195.67,0,6/5/2020 19:03,6/5/2020 19:04,0,5,7,7,7,7,,,,,,,,,,,,,,,,,,,,,,,,,,,,,,,,,,,,,,,,,,,,,,,,,,,,,,,,-1
R_301bIyYnnHZCwKM,Default Response Set,Anonymous,,,134.49.235.156,0,6/5/2020 19:27,6/5/2020 19:28,0,3,7,6,6,5,,,,,,,,,,,,,,,,,,,,,,,,,,,,,,,,,,,,,,,,,,,,,,,,,,,,,,,,-1
R_1rek4aHErzvJxnZ,Default Response Set,Anonymous,,,98.146.207.29,0,6/5/2020 19:54,6/5/2020 19:55,0,5,7,7,1,1,1,1,1,1,1,1,1,1,1,1,2,2,2,,,,,,,,,,,,,,,,,,,,,,,,,,,,,,,,,,,,,,,,,,,-1
R_27BEJ4WdoxQKZnG,Default Response Set,Anonymous,,,69.76.8.244,0,6/5/2020 21:01,6/5/2020 21:01,0,,,,,,,,,,,,,,,,,,,,,,,,,,,,,,,,,,,,,,,,,,,,,,,,,,,,,,,,,,,,,-1
R_vuBMzP13TRVDzkl,Default Response Set,Anonymous,,,134.49.235.105,0,6/6/2020 0:06,6/6/2020 0:07,0,5,7,6,6,6,,,,,,,,,,,,,,,,,,,,,,,,,,,,,,,,,,,,,,,,,,,,,,,,,,,,,,,,-1
R_2CIZo6QVnZ9LI2t,Default Response Set,Anonymous,,,98.146.199.114,0,6/6/2020 1:09,6/6/2020 1:10,0,5,7,6,6,4,,,,,,,,,,,,,,,,,,,,,,,,,,,,,,,,,,,,,,,,,,,,,,,,,,,,,,,,-1
R_3D6KeZ3Ab3fj5TB,Default Response Set,Anonymous,,,114.249.169.153,0,6/6/2020 6:56,6/6/2020 6:57,0,1,1,2,1,3,2,2,2,4,5,3,4,,,,,,,,,,,,,,,,,,,,,,,,,,,,,,,,,,,,,,,,,,,,,,,,,-1
R_263cilPGJyal4wN,Default Response Set,Anonymous,,,134.49.235.65,0,6/6/2020 6:58,6/6/2020 6:58,0,,,,,,,,,,,,,,,,,,,,,,,,,,,,,,,,,,,,,,,,,,,,,,,,,,,,,,,,,,,,,-1
R_Wpmr9porA2hPsyd,Default Response Set,Anonymous,,,223.104.131.183,0,6/6/2020 7:00,6/6/2020 7:00,0,,,,,,,,,,,,,,,,,,,,,,,,,,,,,,,,,,,,,,,,,,,,,,,,,,,,,,,,,,,,,-1
R_TbfYZvb81eUPFPb,Default Response Set,Anonymous,,,119.39.90.103,0,6/6/2020 7:00,6/6/2020 7:00,0,2,1,1,2,6,2,3,4,1,2,1,2,4,4,1,,,,,,,,,,,,,,,,,,,,,,,,,,,,,,,,,,,,,,,,,,,,,,-1
R_1CDvAMhp0b8q1kA,Default Response Set,Anonymous,,,101.80.67.52,0,6/6/2020 7:01,6/6/2020 7:01,0,,,,,,,,,,,,,,,,,,,,,,,,,,,,,,,,,,,,,,,,,,,,,,,,,,,,,,,,,,,,,-1
R_9tzpBHNACu4Obo5,Default Response Set,Anonymous,,,36.62.18.170,0,6/6/2020 7:01,6/6/2020 7:01,0,,,,,,,,,,,,,,,,,,,,,,,,,,,,,,,,,,,,,,,,,,,,,,,,,,,,,,,,,,,,,-1
R_3Pv0EaqpWfeG0r1,Default Response Set,Anonymous,,,1.200.194.88,0,6/5/2020 19:26,6/6/2020 7:03,0,5,6,6,6,6,4,4,5,5,6,5,4,4,4,4,2,1,2,6,6,6,5,4,5,5,5,5,4,4,5,6,5,2,6,6,6,3,16,17,2,6,5,,,,,,,,,,,,,,,,,,,-1
R_21h4MrNA4RKJtBH,Default Response Set,Anonymous,,,36.104.198.19,0,6/6/2020 7:03,6/6/2020 7:04,0,,,,,,,,,,,,,,,,,,,,,,,,,,,,,,,,,,,,,,,,,,,,,,,,,,,,,,,,,,,,,-1
R_3F4ABTv7HyGOrXq,Default Response Set,Anonymous,,,223.104.148.16,0,6/6/2020 7:03,6/6/2020 7:05,0,3,7,4,4,4,3,3,3,3,4,3,3,3,3,3,,,,,,,,,,,,,,,,,,,,,,,,,,,,,,,,,,,,,,,,,,,,,,-1
R_8lfe4YIkdj5mtXP,Default Response Set,Anonymous,,,115.207.107.44,0,6/6/2020 7:02,6/6/2020 7:05,0,2,3,5,1,1,2,4,3,2,4,3,3,3,5,2,2,1,3,3,5,2,4,4,5,5,1,4,4,1,2,5,4,2,1,4,4,5,16,17,2,4,2,6,5,5,2,,,,,,,,,,,,,,,-1
R_33y6F8RZVAUH9vJ,Default Response Set,Anonymous,,,98.146.200.9,0,6/6/2020 7:29,6/6/2020 7:32,0,3,6,6,4,6,3,3,4,4,4,3,4,2,2,2,2,2,2,5,5,4,3,3,3,3,4,,,,,,,,,,,,,,,,,,,,,,,,,,,,,,,,,,,-1
R_3gRcyS796S0MYRg,Default Response Set,Anonymous,,,223.104.65.234,0,6/6/2020 7:34,6/6/2020 7:34,0,,,,,,,,,,,,,,,,,,,,,,,,,,,,,,,,,,,,,,,,,,,,,,,,,,,,,,,,,,,,,-1
R_2ahpuH0A1AxaJzq,Default Response Set,Anonymous,,,27.187.79.32,0,6/6/2020 8:15,6/6/2020 8:15,0,,,,,,,,,,,,,,,,,,,,,,,,,,,,,,,,,,,,,,,,,,,,,,,,,,,,,,,,,,,,,-1
R_1etnIwlmsPbzPOQ,Default Response Set,Anonymous,,,180.106.94.194,0,6/6/2020 8:21,6/6/2020 8:21,0,,,,,,,,,,,,,,,,,,,,,,,,,,,,,,,,,,,,,,,,,,,,,,,,,,,,,,,,,,,,,-1
R_3qw0XdVf5jJ73gt,Default Response Set,Anonymous,,,69.76.8.95,0,6/6/2020 8:21,6/6/2020 8:24,0,4,6,4,4,5,4,1,5,5,6,1,1,1,1,1,2,2,2,1,4,4,1,,,,,,,,,,,,,,,,,,,,,,,,,,,,,,,,,,,,,,,-1
R_2CpSaGk98ITWEUF,Default Response Set,Anonymous,,,134.49.234.133,0,6/5/2020 18:53,6/6/2020 8:33,0,5,7,5,5,5,3,4,4,,,,,,,,,,,,,,,,,,,,,,,,,,,,,,,,,,,,,,,,,,,,,,,,,,,,,-1
R_0x0LjJdbIxbywwN,Default Response Set,Anonymous,,,69.166.47.173,0,6/6/2020 9:22,6/6/2020 9:23,0,5,7,6,5,6,,,,,,,,,,,,,,,,,,,,,,,,,,,,,,,,,,,,,,,,,,,,,,,,,,,,,,,,-1
R_3hm9jE4RfojXMgI,Default Response Set,Anonymous,,,69.166.47.171,0,6/6/2020 9:46,6/6/2020 9:46,0,,,,,,,,,,,,,,,,,,,,,,,,,,,,,,,,,,,,,,,,,,,,,,,,,,,,,,,,,,,,,-1
R_pE18ObMvKrmLHC9,Default Response Set,Anonymous,,,134.49.235.158,0,6/6/2020 10:06,6/6/2020 10:07,0,5,7,6,6,6,3,3,4,,,,,,,,,,,,,,,,,,,,,,,,,,,,,,,,,,,,,,,,,,,,,,,,,,,,,-1
R_3gYjeS0yXAxKBR2,Default Response Set,Anonymous,,,50.52.103.38,0,6/6/2020 10:14,6/6/2020 10:15,0,,,,,,,,,,,,,,,,,,,,,,,,,,,,,,,,,,,,,,,,,,,,,,,,,,,,,,,,,,,,,-1
R_2q8lv0vqHNgGRLw,Default Response Set,Anonymous,,,174.246.16.103,0,6/6/2020 11:01,6/6/2020 11:01,0,,,,,,,,,,,,,,,,,,,,,,,,,,,,,,,,,,,,,,,,,,,,,,,,,,,,,,,,,,,,,-1
R_1rH5MEE4dhEbDfw,Default Response Set,Anonymous,,,98.145.92.63,0,6/6/2020 14:29,6/6/2020 14:29,0,,,,,,,,,,,,,,,,,,,,,,,,,,,,,,,,,,,,,,,,,,,,,,,,,,,,,,,,,,,,,-1
R_3KHnzomfeLFLKO6,Default Response Set,Anonymous,,,142.202.229.170,0,6/6/2020 22:13,6/6/2020 22:13,0,,,,,,,,,,,,,,,,,,,,,,,,,,,,,,,,,,,,,,,,,,,,,,,,,,,,,,,,,,,,,-1
R_2YgJ5S6a1P4Ii3e,Default Response Set,Anonymous,,,172.58.47.107,0,6/6/2020 22:14,6/6/2020 22:15,0,4,7,5,4,5,5,3,5,5,6,,,,,,,,,,,,,,,,,,,,,,,,,,,,,,,,,,,,,,,,,,,,,,,,,,,-1
R_xxUN16CEOPZdvH3,Default Response Set,Anonymous,,,113.55.110.236,0,6/6/2020 22:20,6/6/2020 22:23,0,5,7,3,3,3,4,4,5,3,6,3,4,3,4,2,1,1,2,,,,,,,,,,,,,,,,,,,,,,,,,,,,,,,,,,,,,,,,,,,-1
R_1H1MsyW4zyUAoTt,Default Response Set,Anonymous,,,50.52.119.227,0,6/6/2020 22:25,6/6/2020 22:25,0,3,6,4,3,7,3,3,5,1,7,4,5,5,3,4,2,1,1,,,,,,,,,,,,,,,,,,,,,,,,,,,,,,,,,,,,,,,,,,,-1
R_1CKmCRhungwetq2,Default Response Set,Anonymous,,,69.166.47.174,0,6/7/2020 15:17,6/7/2020 15:17,0,,,,,,,,,,,,,,,,,,,,,,,,,,,,,,,,,,,,,,,,,,,,,,,,,,,,,,,,,,,,,-1
R_3qCpDRmXfM47AXG,Default Response Set,Anonymous,,,172.58.219.75,0,6/7/2020 15:18,6/7/2020 15:19,0,3,7,5,5,5,,,,,,,,,,,,,,,,,,,,,,,,,,,,,,,,,,,,,,,,,,,,,,,,,,,,,,,,-1
R_saQikkc1PEiUuT7,Default Response Set,Anonymous,,,172.92.4.66,0,6/7/2020 15:25,6/7/2020 15:27,0,4,6,4,6,6,,,,,,,,,,,,,,,,,,,,,,,,,,,,,,,,,,,,,,,,,,,,,,,,,,,,,,,,-1
R_30ja4vI2UXubjvb,Default Response Set,Anonymous,,,134.49.235.38,0,6/7/2020 15:37,6/7/2020 15:37,0,,,,,,,,,,,,,,,,,,,,,,,,,,,,,,,,,,,,,,,,,,,,,,,,,,,,,,,,,,,,,-1
R_1febsDztmzvzYOX,Default Response Set,Anonymous,,,65.24.172.116,0,6/7/2020 16:01,6/7/2020 16:01,0,,,,,,,,,,,,,,,,,,,,,,,,,,,,,,,,,,,,,,,,,,,,,,,,,,,,,,,,,,,,,-1
R_3O2j3MCHXetGUNP,Default Response Set,Anonymous,,,98.146.195.105,0,6/7/2020 16:02,6/7/2020 16:03,0,,,,,,,,,,,,,,,,,,,,,,,,,,,,,,,,,,,,,,,,,,,,,,,,,,,,,,,,,,,,,-1
