V1,V2,V3,V4,V5,V6,V7,V8,V9,V10,Opening,SD,Q1,Q2,Q3,Q4_2,Q4_3,No Contact,Q5,Q6,Q7,CV,Q8,Q9,Delivery,Q10,Q11,Q66,Q67,Q68,CV,Q12,Q13,Q14,Delivery,Q15,Q16,Q17,Q18,Q19,Q20,Q21,Q22_2,Q22_3,Q69,Q70,Q71,Safety,Q23,Q24,Q25,Employment,Q26,Q27,Q28,Value Items,Q29,Q30,Q72,Q73,Unemployment,Q31,Q32,Q33,Value Items,Q34,Q35,Q76,Q75,Drive Through,Q36,Q37,Q38,Productivity,Q39,Q40,Q41,Demo,Q1,Q2,Q3,Q4,Q5,Q6,Ending,LocationLatitude,LocationLongitude,LocationAccuracy,
ResponseID,ResponseSet,Name,ExternalDataReference,EmailAddress,IPAddress,Status,StartDate,EndDate,Finished,"In this survey, we would like to know what the average fast food consumer’s thoughts and feelings...","First, please answer some questions about social distancing regulations.",Are you following social distancing regulations?,To what extent do you agree with the following statements: It is important to social distance in...,I think McDonald's is following social distancing regulations.,"In comparison McDonald's,to what extent do you think the following restuarants are doing a good j...-Taco Bell","In comparison McDonald's,to what extent do you think the following restuarants are doing a good j...-Jack in the Box","Next, please answer some questions about the no contact rule for fast food restaurants and people...",To what extent have you recognized an option for no contact delivery on Uber Eats?,Have you noticed a change in the amount of PPE (personal protective equipment) that both McDonald...,"Have you noticed a change in the presence of single use items (used gloves, used pens, etc.)?","Next, please answer some questions about life before the Coronavirus. ",Do you wash your hands frequently throughout the day?,To what extent are you conscious about spreading germs to others around you?,"Next, please answer some questions about delivery before the Coronavirus.  ",How familiar are you with the different delivery apps available?,Have you ordered from different delivery apps before?,What are your preferences on Uber Eats?,What are your preferences on Door Dash?,What are your preferences on Grub Hub?,"Next, please answer some questions about life during the Coronavirus. ",Have you been diagnosed with Coronavirus?,Do you know someone who has been diagnosed with Coronavirus?,Do you go out regularly even thought there is a stay-at-home order?,"Next, please answer some questions about delivery during the Coronavirus. ",To what extent do you agree with the following questions? I order fast food delivery more frequen...,I care about the cost of delivery before ordering fast food.,I do not care about the cost of delivery if it is from a specific fast food restaurant I want to...,I will keep ordering fast food delivery even after the Coronavirus has ended. ,"Next, please answer some questions about CDC regulations.",I know what the new CDC regulations are ...,How comfortable do you feel with the new CDC regulations being implemented inside fast food resta...,How do you think McDonald's is handling the new CDC regulations compared to other fast food resta...-Taco Bell,How do you think McDonald's is handling the new CDC regulations compared to other fast food resta...-Jack in the Box,What are your thoughts on McDonald's?,What are your thought on Taco Bell?,What are your thought on Jack in the Box?,"Next, please answer some questions about the safety for employees and customers. ",To what extent do you agree with the following statements: I did not notice how my food was being...,I feel secure with how my food is being handled by the employees now. ,"I would like to see the changes on how my food is being handled stay, even after Coronavirus has...","Next, please answer some questions about employment status before the Coronavirus.",Were you employed before the Coronavirus? ,To what extent do you agree with the following statements: I kept track keep track of my spending...,I bought fast food often.,"Next, please answer some questions about value menu items. ",How likely would you buy value menu items from fast food restaurants before Coronavirus?,How frequently did you buy value menu items from McDonald's?,How frequently did you buy value menu items from Taco Bell?,How frequently did you buy value menu items from Jack in the Box?,"Next, please answer some questions about employment status during the Coronavirus. ",Did Coronavirus effect your employment status?,To what extent do you agree with the following statements: impact from unemployment has made me m...,I buy fast food more often now.,"Next, please answer some more questions about value menu items.",To what extent do you still buy value menu items from fast food restaurants?,How frequently do you still buy value menu items from McDonald's?,How frequently do you still buy value menu items from Taco Bell?,How frequently do you still buy value menu items from Jack in the Box?,"Next, please answer some questions about the drive through. ",To what extent do you agree with the following statements: I tend to go through the drive through...,I only go through the drive through when I am in a rush.,I only go through the drive through when I have small orders.,"Next, please answer some questions about the productivity of fast food employees. ",To what extent do you agree with the following statements: I have noticed a change in productivit...,"With no customers allowed inside the restaurant, I have recognized a faster drive through. ",I would recommend fast food restaurants only having drive through's. ,"Now, please answer some questions about demographics. ","How is your day? Although we would love to know, this is an attention check question. Please sele...",What is your gender?,What is your age?,"Do you currently live in Pullman, Washington?",Has Coronavirus impacted your living status?,Is English your first language?,Thank you for completing this survey. We appreciate your feedback. ,LocationLatitude,LocationLongitude,LocationAccuracy,
R_2R2OpcrKpZ0o8nS,Default Response Set,Anonymous,,,134.49.235.65,0,2020-06-05 18:07:04,2020-06-05 18:12:01,1,1,1,2,7,6,7,7,1,3,4,4,1,5,7,1,1,2,1,1,1,1,2,2,1,1,1,1,1,1,1,5,7,4,4,3,3,3,1,2,4,4,1,2,4,7,1,4,3,16,20,1,2,4,6,1,4,3,1,5,1,4,4,7,1,6,2,7,1,3,1,19,1,2,2,1,46.731399536133,-117.17330169678,-1,
R_VJ7xIwLhgNaqVP3,Default Response Set,Anonymous,,,69.166.47.174,0,2020-06-05 18:08:22,2020-06-05 18:12:17,1,1,1,5,7,5,5,6,1,4,4,4,1,4,6,1,4,4,4,4,4,1,2,2,2,1,1,7,1,1,1,4,6,6,6,4,4,4,1,6,6,6,1,1,6,2,1,4,2,17,17,1,1,5,5,1,5,2,2,2,1,4,4,4,1,2,2,2,1,3,2,26,1,1,2,1,46.731399536133,-117.17330169678,-1,
R_aXWVLHxDB4mkdWN,Default Response Set,Anonymous,,,98.146.199.3,0,2020-06-05 18:10:32,2020-06-05 18:14:04,1,1,1,2,4,5,4,3,1,4,5,2,1,3,6,1,3,4,5,4,3,1,3,2,3,1,4,7,4,3,1,4,6,6,6,5,3,4,1,4,3,5,1,3,5,3,1,4,4,19,18,1,3,3,4,1,5,4,3,4,1,4,5,4,1,6,6,6,1,4,2,23,1,1,2,1,46.731399536133,-117.17330169678,-1,
R_sn7gK7UdapfxhCN,Default Response Set,Anonymous,,,69.166.47.173,0,2020-06-05 18:11:32,2020-06-05 18:19:14,1,1,1,4,6,6,5,5,1,3,4,4,1,2,5,1,4,4,2,5,2,1,2,2,2,1,3,7,6,6,1,4,5,5,4,4,4,4,1,5,5,3,1,3,7,6,1,3,3,17,17,1,1,7,4,1,5,2,2,2,1,1,7,6,1,6,6,5,1,2,3,31,1,1,2,1,46.731399536133,-117.17330169678,-1,
R_3k6yuX40ntdIgCe,Default Response Set,Anonymous,,,98.145.93.1,0,2020-06-05 18:20:51,2020-06-05 18:22:21,1,1,1,1,1,1,2,2,1,4,5,4,1,1,5,1,1,3,4,1,1,1,1,1,1,1,1,1,1,1,1,1,1,1,1,5,5,5,1,7,7,6,1,3,6,6,1,7,4,19,19,1,3,5,4,1,5,5,5,5,1,7,7,6,1,7,7,7,1,2,2,25,1,1,1,1,46.731399536133,-117.17330169678,-1,
R_W0eouXrMVpev8Cl,Default Response Set,Anonymous,,,98.146.200.156,0,2020-06-05 18:14:52,2020-06-05 18:22:58,1,1,1,4,6,6,6,6,1,4,4,3,1,4,6,1,2,4,2,3,3,1,2,2,2,1,4,4,4,5,1,4,5,4,4,4,4,4,1,7,5,7,1,2,4,4,1,4,1,16,16,1,3,5,5,1,5,1,1,1,1,6,6,5,1,4,4,4,1,2,2,21,1,1,2,1,46.731399536133,-117.17330169678,-1,
R_5mCJVeV8TBS2MpP,Default Response Set,Anonymous,,,134.49.235.199,0,2020-06-05 18:12:50,2020-06-05 18:24:08,1,1,1,4,7,6,6,6,1,5,4,4,1,4,5,1,2,1,1,1,1,1,2,2,2,1,1,5,2,1,1,4,5,5,5,4,4,4,1,6,3,5,1,2,3,1,1,5,1,16,16,1,2,4,1,1,2,1,1,1,1,6,2,2,1,5,2,2,1,2,2,26,1,1,2,1,46.731399536133,-117.17330169678,-1,
R_2PpRl77VfBCdXgp,Default Response Set,Anonymous,,,50.52.119.227,0,2020-06-05 18:19:13,2020-06-05 18:25:23,1,1,1,5,7,5,4,4,1,3,3,3,1,5,5,1,3,3,3,3,3,1,2,2,2,1,4,6,2,4,1,3,4,4,4,3,3,3,1,4,4,4,1,3,4,2,1,4,1,16,16,1,3,4,2,1,4,1,1,1,1,4,4,4,1,4,4,4,1,2,2,22,1,2,2,1,46.731399536133,-117.17330169678,-1,
R_3pbZriroMU9TN1M,Default Response Set,Anonymous,,,69.166.47.134,0,2020-06-05 18:22:07,2020-06-05 18:32:52,1,1,1,5,6,4,4,4,1,4,4,4,1,5,6,1,5,4,3,5,3,1,2,2,2,1,5,5,4,4,1,1,4,4,4,3,3,3,1,4,6,6,1,2,5,2,1,4,2,16,16,1,2,2,3,1,4,2,1,1,1,1,1,1,1,2,2,4,1,1,1,？,1,1,2,1,46.731399536133,-117.17330169678,-1,
R_1P1XDff5Wzhe4MO,Default Response Set,Anonymous,,,69.166.47.145,0,2020-06-05 18:26:21,2020-06-05 18:36:22,1,1,1,4,7,4,4,4,1,3,3,4,1,5,4,1,1,1,1,1,1,1,2,2,2,1,1,3,3,1,1,2,6,4,4,3,3,3,1,5,5,5,1,2,5,1,1,2,2,17,17,1,3,4,2,1,4,2,2,2,1,4,6,4,1,4,4,4,1,2,1,23,1,1,2,1,46.731399536133,-117.17330169678,-1,
R_1cRMHJL6CEU54Hi,Default Response Set,Anonymous,,,98.145.134.17,0,2020-06-05 18:31:40,2020-06-05 18:45:31,1,1,1,5,1,1,1,1,1,1,2,2,1,5,1,1,2,4,1,4,4,1,2,2,2,1,1,5,2,5,1,3,4,4,4,3,3,3,1,5,6,6,1,2,5,2,1,3,2,16,16,1,1,5,5,1,3,1,1,1,1,5,2,2,1,5,6,5,1,2,2,30,1,1,2,1,46.731399536133,-117.17330169678,-1,
R_25NkbArbYW6FWnU,Default Response Set,Anonymous,,,134.49.235.218,0,2020-06-05 18:15:17,2020-06-05 19:03:19,1,1,1,5,7,5,6,5,1,4,4,3,1,5,4,1,2,1,3,3,3,1,2,2,2,1,1,5,4,1,1,4,4,4,4,4,4,4,1,3,5,5,1,1,5,2,1,5,2,17,17,1,1,5,1,1,4,2,1,1,1,5,4,4,1,5,5,4,1,3,2,20,1,1,2,1,46.731399536133,-117.17330169678,-1,
R_2rPK2JxPCAUtYoF,Default Response Set,Anonymous,,,68.234.245.204,0,2020-06-05 19:03:56,2020-06-05 19:11:34,1,1,1,2,7,7,7,7,1,3,3,5,1,5,7,1,4,5,5,5,5,1,2,2,3,1,7,6,4,7,1,3,4,4,4,5,4,4,1,4,4,4,1,2,4,4,1,4,2,16,16,1,3,4,4,1,4,2,1,1,1,4,4,4,1,4,4,4,1,3,1,20,1,2,2,1,46.731399536133,-117.17330169678,-1,
R_2YLHpGxXX1fRfXZ,Default Response Set,Anonymous,,,134.49.235.85,0,2020-06-05 19:08:16,2020-06-05 19:19:05,1,1,1,4,7,7,7,7,1,3,3,4,1,4,6,1,3,5,5,5,3,1,2,2,3,1,5,3,4,6,1,4,4,5,5,4,3,3,1,6,6,6,1,2,3,6,1,5,3,17,17,1,3,4,4,1,5,3,2,2,1,6,6,6,1,5,5,4,1,2,1,24,1,1,2,1,46.731399536133,-117.17330169678,-1,
R_7POTMYEjDMgYeIN,Default Response Set,Anonymous,,,73.254.108.3,0,2020-06-05 19:21:49,2020-06-05 19:43:47,1,1,1,4,6,6,6,6,1,3,4,4,1,5,5,1,3,4,3,3,2,1,2,2,2,1,5,6,3,5,1,4,5,5,5,4,3,4,1,5,6,7,1,2,4,3,1,5,2,16,17,1,1,5,2,1,4,2,1,2,1,6,4,4,1,5,2,3,1,3,2,26,2,2,2,1,47.835296630859,-122.28399658203,-1,
R_21hWMcwHWb7fK1o,Default Response Set,Anonymous,,,69.166.47.173,0,2020-06-05 19:39:49,2020-06-05 19:44:43,1,1,1,5,5,6,6,6,1,4,3,3,1,4,6,1,3,3,3,3,3,1,3,3,3,1,6,6,6,6,1,4,6,6,1,4,4,4,1,5,5,3,1,3,7,7,1,7,5,20,20,1,3,7,7,1,6,4,5,5,1,7,7,7,1,7,7,6,1,5,2,38,1,1,2,1,46.731399536133,-117.17330169678,-1,
R_2aRFxpC1nVRf7pO,Default Response Set,Anonymous,,,76.178.21.221,0,2020-06-05 18:25:46,2020-06-06 01:14:05,1,1,1,5,7,4,4,4,1,3,3,3,1,3,4,1,5,5,4,4,2,1,3,3,3,1,1,4,4,4,1,3,4,4,4,4,4,4,1,5,5,5,1,1,5,6,1,6,1,17,16,1,1,5,1,1,2,1,1,1,1,6,6,4,1,5,6,6,1,2,2,22,1,2,2,1,46.731399536133,-117.17330169678,-1,
R_2QFc2TNPr8tBA3X,Default Response Set,Anonymous,,,50.52.119.227,0,2020-06-06 06:53:03,2020-06-06 06:55:24,1,1,1,3,3,5,3,4,1,2,3,3,1,3,3,1,4,3,4,2,4,1,2,1,2,1,3,4,2,4,1,3,3,3,3,2,4,4,1,5,3,6,1,2,4,4,1,4,2,18,18,1,2,3,5,1,5,4,3,4,1,4,3,6,1,5,2,6,1,4,2,18,1,1,2,1,46.731399536133,-117.17330169678,-1,
R_1dzBKb7XrNFAqfK,Default Response Set,Anonymous,,,223.102.3.240,0,2020-06-06 06:54:08,2020-06-06 06:56:49,1,1,1,2,1,3,1,1,1,1,1,3,1,2,1,1,1,4,3,4,2,1,2,3,2,1,1,3,4,4,1,3,6,4,3,4,5,2,1,2,2,1,1,2,7,4,1,1,2,20,17,1,1,1,4,1,1,2,2,2,1,7,6,2,1,2,2,3,1,3,3,20,2,2,2,1,38.912200927734,121.60220336914,-1,
R_28BvEbdqSgXoEkh,Default Response Set,Anonymous,,,58.39.120.99,0,2020-06-06 07:23:37,2020-06-06 07:25:08,1,1,1,4,4,3,1,4,1,1,1,2,1,2,3,1,3,3,4,3,3,1,1,1,1,1,1,6,3,3,1,2,3,4,2,3,4,3,1,3,4,2,1,2,3,2,1,5,3,19,18,1,2,5,4,1,1,2,5,3,1,1,1,3,1,2,3,1,1,1,1,lls,1,1,1,1,31.044906616211,121.40121459961,-1,
R_1eOYnXzBQKQFpO3,Default Response Set,Anonymous,,,98.146.229.78,0,2020-06-06 09:01:06,2020-06-06 09:05:59,1,1,1,5,7,5,4,4,1,3,3,3,1,3,4,1,3,3,3,3,3,1,2,2,2,1,4,4,4,4,1,3,4,5,5,3,3,3,1,4,4,4,1,2,4,4,1,4,3,18,18,1,2,3,3,1,3,3,3,3,1,3,3,3,1,3,3,3,1,3,2,40,1,1,2,1,46.731399536133,-117.17330169678,-1,
R_1lfvaemTXpcCEP5,Default Response Set,Anonymous,,,73.140.20.71,0,2020-06-06 10:08:42,2020-06-06 10:16:55,1,1,1,3,6,6,4,4,1,3,4,4,1,4,6,1,3,2,2,2,2,1,2,2,3,1,5,6,2,2,1,4,3,2,5,3,3,3,1,2,3,5,1,2,5,2,1,1,1,16,16,1,2,2,2,1,2,1,1,1,1,2,2,2,1,5,4,2,1,2,2,23,2,2,2,1,47.613098144531,-122.20529937744,-1,
R_2qmars3fvvZuT3H,Default Response Set,Anonymous,,,73.83.45.207,0,2020-06-06 11:01:44,2020-06-06 11:10:18,1,1,1,2,5,4,4,4,1,4,2,5,1,4,6,1,4,4,1,3,1,1,2,2,1,1,2,2,7,1,1,4,4,4,4,2,2,2,1,5,4,6,1,1,5,2,1,5,1,16,16,1,2,4,1,1,4,1,1,1,1,6,4,4,1,4,2,5,1,2,2,21,2,2,1,1,47.767807006836,-122.11869812012,-1,
R_Y4FMDLsbYfqPFh7,Default Response Set,Anonymous,,,47.6.204.163,0,2020-06-06 11:03:22,2020-06-06 11:10:20,1,1,1,3,5,4,4,5,1,4,4,4,1,5,5,1,4,5,3,3,2,1,2,2,1,1,5,6,2,5,1,3,4,4,4,4,4,4,1,3,4,5,1,2,4,5,1,4,1,16,17,1,2,4,4,1,4,1,1,2,1,5,4,2,1,2,2,3,1,2,2,22,2,1,1,1,46.229202270508,-119.17050170898,-1,
R_3jAaaJ8FhtQJ2mt,Default Response Set,Anonymous,,,174.204.77.42,0,2020-06-06 11:07:28,2020-06-06 11:16:46,1,1,1,1,5,4,4,4,1,3,4,4,1,5,6,1,4,4,4,3,1,1,2,2,1,1,2,7,2,6,1,4,4,4,4,4,4,3,1,3,5,3,1,2,5,5,1,5,1,16,16,1,2,6,2,1,6,2,1,1,1,7,2,2,1,2,2,4,1,2,2,21,2,2,1,1,47.203002929688,-122.48820495605,-1,
R_20Pte72Dah4Pnc4,Default Response Set,Anonymous,,,69.166.47.173,0,2020-06-06 11:11:36,2020-06-06 11:17:33,1,1,1,5,7,4,4,4,1,3,3,3,1,5,7,1,3,1,2,2,2,1,2,2,2,1,1,4,1,4,1,4,4,4,4,3,3,3,1,6,6,6,1,2,6,3,1,3,2,17,16,1,1,6,2,1,4,1,1,1,1,6,7,1,1,4,4,4,1,2,1,38,1,1,2,1,46.731399536133,-117.17330169678,-1,
R_SNcbJr4o9XOsel3,Default Response Set,Anonymous,,,69.166.47.134,0,2020-06-06 11:21:15,2020-06-06 11:36:08,1,1,1,5,7,4,6,6,1,4,4,4,1,5,6,1,2,4,2,5,2,1,3,3,2,1,5,6,3,2,1,4,6,6,6,4,4,4,1,6,6,6,1,2,6,3,1,3,1,16,16,1,3,6,2,1,5,2,1,1,1,2,2,2,1,5,6,5,1,2,2,19,1,1,2,1,46.733001708984,-117.17890167236,-1,
R_1ezsaZRfP4eYMV6,Default Response Set,Anonymous,,,73.109.69.128,0,2020-06-06 12:40:44,2020-06-06 12:47:02,1,1,1,2,6,4,4,4,1,3,5,5,1,5,5,1,5,5,2,1,2,1,2,1,1,1,5,7,2,1,1,3,4,4,4,5,4,5,1,3,2,4,1,1,7,5,1,7,2,16,16,1,1,5,2,1,6,2,1,1,1,7,1,1,1,4,6,1,1,2,2,21,2,2,1,1,48.864501953125,-122.59529876709,-1,
R_2y3ktMyf0QGVECb,Default Response Set,Anonymous,,,98.146.203.36,0,2020-06-06 15:12:53,2020-06-06 15:26:35,1,1,1,4,7,4,4,4,1,4,4,4,1,5,6,1,2,3,2,2,2,1,2,2,3,1,1,5,5,4,1,4,4,4,4,3,3,3,1,5,5,5,1,2,5,1,1,1,1,16,16,1,2,2,2,1,2,1,1,1,1,1,2,2,1,4,4,1,1,2,2,60,1,1,2,1,46.731399536133,-117.17330169678,-1,
R_1kIdcJnHLjr4ZNq,Default Response Set,Anonymous,,,76.178.181.249,0,2020-06-06 22:19:54,2020-06-06 22:26:15,1,1,1,4,6,5,4,4,1,1,3,3,1,4,6,1,3,4,2,2,1,1,2,2,2,1,4,4,4,4,1,2,3,4,4,3,3,3,1,4,3,4,1,2,5,4,1,5,2,16,17,1,2,5,3,1,4,1,1,1,1,4,4,4,1,4,4,5,1,3,2,22,1,1,2,1,46.731399536133,-117.17330169678,-1,
R_2YaKMTVk5wZEFNr,Default Response Set,Anonymous,,,69.166.47.134,0,2020-06-07 15:29:24,2020-06-07 15:34:59,1,1,1,5,7,7,6,5,1,5,5,4,1,5,7,1,3,3,2,3,1,1,2,2,2,1,7,6,4,4,1,4,7,6,4,4,4,3,1,1,7,6,1,2,6,6,1,4,2,17,16,1,2,1,6,1,5,2,2,1,1,5,6,6,1,6,6,5,1,2,2,20,1,1,2,1,46.731399536133,-117.17330169678,-1,
R_2VKKOIOk39XP6x2,Default Response Set,Anonymous,,,172.58.91.13,0,2020-06-07 15:32:27,2020-06-07 15:40:22,1,1,1,5,6,6,5,5,1,3,4,4,1,5,6,1,3,4,2,3,1,1,2,2,1,1,4,4,3,5,1,4,5,4,4,4,3,4,1,5,4,4,1,2,5,2,1,3,2,16,17,1,2,5,2,1,4,2,1,2,1,4,5,3,1,5,2,4,1,3,2,26,2,2,2,1,37.750595092773,-122.41210174561,-1,
R_SU9U3cxGdeyiM2B,Default Response Set,Anonymous,,,98.146.200.156,0,2020-06-07 16:03:11,2020-06-07 16:06:18,1,1,1,5,7,7,7,6,1,5,5,5,1,4,5,1,5,5,5,5,5,1,2,2,2,1,7,7,5,6,1,4,6,6,6,5,5,5,1,6,7,7,1,2,6,7,1,7,3,18,17,1,1,7,7,1,6,3,2,2,1,7,6,6,1,7,7,5,1,2,1,21,1,1,2,1,46.731399536133,-117.17330169678,-1,
R_3Ejb4B9Y2cYOoMZ,Default Response Set,Anonymous,,,183.192.35.253,0,2020-06-07 18:10:50,2020-06-07 18:12:56,1,1,1,3,4,3,4,3,1,3,4,4,1,3,3,1,4,3,3,2,3,1,2,2,1,1,1,2,3,4,1,4,6,4,3,3,4,3,1,4,2,3,1,2,3,5,1,4,4,19,17,1,2,4,4,1,3,2,3,3,1,4,3,3,1,4,5,6,1,4,2,27,1,2,2,1,31.044906616211,121.40121459961,-1,
R_1GJuO3FKDGSWhnb,Default Response Set,Anonymous,,,98.146.200.156,0,2020-06-07 18:09:43,2020-06-07 18:15:23,1,1,1,4,7,6,5,5,1,3,3,4,1,4,7,1,3,4,2,2,2,1,2,2,2,1,6,6,5,5,1,4,6,4,4,4,4,4,1,5,5,5,1,1,5,4,1,5,4,18,18,1,2,5,4,1,4,2,1,1,1,4,4,4,1,6,5,5,1,2,2,22,1,1,2,1,46.731399536133,-117.17330169678,-1,
R_5yybE0l4Cydwmxb,Default Response Set,Anonymous,,,98.145.134.168,0,2020-06-07 18:10:22,2020-06-07 18:19:31,1,1,1,3,7,5,1,5,1,4,3,5,1,4,5,1,4,4,2,4,2,1,2,2,1,1,6,7,2,5,1,4,6,6,5,4,2,3,1,4,5,5,1,1,6,5,1,5,3,16,19,1,2,5,4,1,5,3,1,4,1,6,6,4,1,6,5,5,1,2,2,22,1,2,2,1,46.731399536133,-117.17330169678,-1,
R_XiUjUU3SEb1Hxrb,Default Response Set,Anonymous,,,134.49.235.38,0,2020-06-07 18:16:56,2020-06-07 18:21:15,1,1,1,5,7,7,7,7,1,5,5,5,1,5,7,1,4,5,3,3,3,1,2,2,2,1,5,7,5,4,1,4,6,7,7,4,4,4,1,4,5,6,1,2,5,5,1,6,4,17,17,1,2,5,5,1,5,5,2,2,1,5,4,4,1,7,7,7,1,2,1,21,1,1,2,1,46.731399536133,-117.17330169678,-1,
R_2sTOUvCdzhus3wd,Default Response Set,Anonymous,,,98.146.200.156,0,2020-06-07 18:16:28,2020-06-07 18:22:12,1,1,1,5,7,7,7,7,1,5,5,5,1,5,7,1,5,5,4,3,3,1,2,2,2,1,7,7,5,6,1,4,5,6,6,5,4,4,1,7,7,6,1,2,6,7,1,6,3,18,17,1,1,5,5,1,5,3,2,3,1,6,6,6,1,6,5,6,1,4,1,21,1,1,2,1,46.731399536133,-117.17330169678,-1,
R_AA2AirjnaYbmkvv,Default Response Set,Anonymous,,,172.58.46.250,0,2020-06-07 18:18:03,2020-06-07 18:24:01,1,1,1,4,7,4,4,4,1,4,3,3,1,4,7,1,3,4,2,2,2,1,3,2,1,1,3,7,2,4,1,3,4,4,4,3,3,3,1,6,3,6,1,2,5,4,1,5,1,16,16,1,2,4,2,1,1,1,1,1,1,4,4,4,1,5,4,7,1,3,1,19,1,1,2,1,47.444107055664,-122.32490539551,-1,
R_3oU8yngmUKJTuj3,Default Response Set,Anonymous,,,98.146.205.45,0,2020-06-07 18:09:54,2020-06-07 18:32:03,1,1,1,5,7,7,6,6,1,4,5,5,1,4,2,1,4,4,1,3,3,1,2,2,2,1,4,5,4,4,1,3,3,3,3,4,3,4,1,6,5,5,1,2,4,5,1,4,2,16,17,1,2,4,4,1,4,2,1,2,1,6,3,3,1,5,6,2,1,2,1,24,1,1,2,1,46.731399536133,-117.17330169678,-1,
R_3PH4PEy4JSZeAFf,Default Response Set,Anonymous,,,173.72.6.215,0,2020-06-07 18:30:56,2020-06-07 18:34:02,1,1,1,4,1,4,4,4,1,5,3,3,1,5,6,1,4,4,4,4,3,1,2,1,1,1,3,3,3,3,1,2,4,2,2,3,3,3,1,3,3,3,1,2,6,2,1,3,3,18,16,1,1,3,1,1,2,2,3,1,1,1,1,4,1,4,3,4,1,2,2,24,2,1,2,1,40.266906738281,-74.651100158691,-1,
R_1jHEh4nq0iehF3f,Default Response Set,Anonymous,,,36.113.97.57,0,2020-06-07 18:37:52,2020-06-07 18:40:02,1,1,1,3,3,2,4,3,1,3,3,3,1,3,4,1,3,3,3,3,3,1,2,2,3,1,7,6,4,4,1,3,3,4,3,3,3,3,1,2,2,5,1,2,3,5,1,3,2,19,19,1,2,3,4,1,3,5,5,5,1,2,2,2,1,3,1,3,1,3,1,30,1,2,2,1,31.044906616211,121.40121459961,-1,
R_2dgMpDG6i1mkr6i,Default Response Set,Anonymous,,,76.178.181.17,0,2020-06-07 18:23:16,2020-06-07 18:41:26,1,1,1,1,2,4,2,1,1,2,2,3,1,3,4,1,3,3,3,3,2,1,3,2,3,1,2,2,5,3,1,3,5,3,4,5,4,3,1,2,2,2,1,3,3,3,1,4,3,19,17,1,3,4,3,1,5,3,5,4,1,3,3,4,1,3,4,5,1,3,1,24,1,1,2,1,46.731399536133,-117.17330169678,-1,
R_2zTGZiMNKoh9M3P,Default Response Set,Anonymous,,,69.166.47.145,0,2020-06-07 18:38:33,2020-06-07 18:46:35,1,1,1,2,7,6,6,6,1,3,2,4,1,2,2,1,1,1,1,1,1,1,2,2,1,1,1,7,1,1,1,1,4,4,4,2,2,1,1,4,4,1,1,2,4,1,1,1,2,16,17,1,1,7,1,1,1,1,1,1,1,4,4,4,1,3,3,3,1,2,2,24,1,2,2,1,46.731399536133,-117.17330169678,-1,
R_bfLYqUZcLlOmf2F,Default Response Set,Anonymous,,,69.166.46.137,0,2020-06-07 18:40:24,2020-06-07 18:46:40,1,1,1,5,7,7,6,7,1,3,4,4,1,5,3,1,1,1,1,1,1,1,2,2,2,1,1,1,1,1,1,5,7,7,7,5,5,5,1,4,6,7,1,2,4,6,1,4,3,17,16,1,1,4,6,1,6,3,2,1,1,7,7,7,1,5,4,4,1,2,1,27,1,1,2,1,46.731399536133,-117.17330169678,-1,
R_sGrZivZ5qrR27Pr,Default Response Set,Anonymous,,,223.104.111.164,0,2020-06-07 17:48:57,2020-06-07 19:01:42,1,1,1,3,7,2,4,4,1,3,4,3,1,5,4,1,3,4,3,3,3,1,2,1,2,1,2,6,3,2,1,4,4,4,4,3,3,2,1,4,4,4,1,2,2,2,1,3,2,17,16,1,2,4,2,1,3,1,1,1,1,6,6,3,1,4,4,2,1,3,1,23,2,1,2,1,34.68359375,113.5325012207,-1,
R_ddqs39G258gNHt7,Default Response Set,Anonymous,,,73.254.108.3,0,2020-06-07 18:56:28,2020-06-07 19:01:44,1,1,1,5,6,6,4,4,1,3,3,3,1,5,6,1,3,4,3,3,1,1,2,2,1,1,2,2,2,5,1,4,5,4,4,3,3,3,1,4,5,5,1,2,5,2,1,3,2,16,17,1,2,5,2,1,4,2,1,2,1,4,4,4,1,5,2,4,1,3,2,26,2,2,2,1,47.835296630859,-122.28399658203,-1,
R_1Fs1MRlfGhaTA30,Default Response Set,Anonymous,,,172.58.27.188,0,2020-06-07 19:11:58,2020-06-07 19:24:01,1,1,1,4,6,6,6,6,1,1,1,1,1,5,6,1,3,3,3,3,3,1,2,2,2,1,2,6,5,2,1,3,3,4,4,5,5,5,1,5,5,6,1,1,5,2,1,1,1,16,16,1,1,6,2,1,2,1,1,1,1,2,6,2,1,6,3,5,1,4,2,44,2,1,2,1,34.077194213867,-117.45059967041,-1,
R_3EumTfypHmvtipI,Default Response Set,Anonymous,,,175.167.128.185,0,2020-06-07 19:17:30,2020-06-07 19:30:05,1,1,1,5,7,6,6,6,1,5,5,5,1,4,6,1,3,2,4,2,2,1,2,2,2,1,6,3,6,6,1,3,5,4,4,4,4,4,1,4,6,6,1,2,5,5,1,6,2,16,17,1,2,4,6,1,5,3,1,3,1,6,4,4,1,5,6,6,1,4,1,28,2,2,2,1,41.226104736328,123.05609130859,-1,
R_u54ED73WENtnHbz,Default Response Set,Anonymous,,,108.172.152.59,0,2020-06-07 19:59:18,2020-06-07 20:09:13,1,1,1,5,7,7,4,4,1,3,2,2,1,5,7,1,1,2,2,2,2,1,2,1,2,1,2,7,2,1,1,2,3,3,3,2,2,2,1,7,2,7,1,2,7,2,1,2,4,16,16,1,1,6,2,1,1,1,1,1,1,4,4,4,1,4,4,4,1,2,1,21,2,1,2,1,49.258407592773,-123.14559936523,-1,
R_3I0o68P28lVm7pI,Default Response Set,Anonymous,,,125.84.189.131,0,2020-06-07 21:55:57,2020-06-07 22:05:48,1,1,1,5,7,4,4,4,1,5,3,4,1,4,4,1,5,5,1,5,1,1,2,2,2,1,7,6,2,4,1,3,4,4,4,4,3,3,1,4,5,4,1,2,3,5,1,6,4,16,17,1,2,4,6,1,6,2,1,1,1,1,1,1,1,6,6,4,1,3,1,22,2,1,2,1,29.556900024414,106.55310058594,-1,
R_2CIkedCQpZ3Dm1S,Default Response Set,Anonymous,,,69.166.47.171,0,2020-06-07 18:34:41,2020-06-08 00:18:01,1,1,1,5,5,6,4,4,1,4,4,2,1,2,5,1,2,3,2,4,3,1,1,3,2,1,5,2,3,4,1,2,5,2,5,3,4,4,1,3,3,1,1,2,5,4,1,2,3,18,19,1,2,4,3,1,3,4,4,2,1,2,3,4,1,3,2,5,1,3,3,31,1,1,2,1,46.733001708984,-117.17890167236,-1,
R_sA3oD0Y0YWPfPln,Default Response Set,Anonymous,,,107.77.195.69,0,2020-06-08 02:17:10,2020-06-08 03:10:08,1,1,1,4,7,4,4,4,1,5,2,1,1,4,5,1,4,5,3,2,2,1,2,1,1,1,6,7,1,4,1,2,2,4,4,3,3,3,1,3,4,4,1,2,4,5,1,2,1,16,16,1,3,6,5,1,4,1,1,1,1,6,4,3,1,7,5,3,1,2,1,20,2,1,2,1,39.958694458008,-82.99870300293,-1,
R_30i4cbTj7TfzFo3,Default Response Set,Anonymous,,,24.18.102.168,0,2020-06-08 16:05:16,2020-06-08 16:07:15,1,1,1,1,5,3,6,6,1,3,1,4,1,4,6,1,3,4,4,2,4,1,2,1,2,1,3,5,5,2,1,4,3,3,5,3,2,3,1,3,6,1,1,2,4,2,1,6,4,18,18,1,3,3,2,1,7,4,3,3,1,4,4,4,1,5,5,3,1,3,2,26,1,1,1,1,47.011093139648,-122.875,-1,
R_2q3fpwqgBPZ4EtT,Default Response Set,Anonymous,,,69.166.47.173,0,2020-06-08 16:08:51,2020-06-08 16:22:12,1,1,1,4,7,4,4,4,1,2,1,4,1,4,7,1,1,1,1,1,1,1,2,2,1,1,1,6,5,1,1,2,4,4,4,4,4,4,1,6,6,5,1,1,4,2,1,2,1,16,16,1,2,4,2,1,5,1,1,1,1,2,4,4,1,5,6,6,1,4,2,28,1,1,2,1,46.731399536133,-117.17330169678,-1,
R_2ARUQoXFtrhrzrX,Default Response Set,Anonymous,,,134.49.235.243,0,2020-06-08 16:20:00,2020-06-08 16:30:52,1,1,1,4,6,7,7,4,1,5,4,5,1,3,3,1,1,1,3,3,3,1,2,2,2,1,1,6,1,4,1,3,2,4,5,4,2,4,1,4,5,7,1,1,6,1,1,7,1,16,16,1,1,7,1,1,4,1,1,1,1,1,1,1,1,5,6,1,1,2,1,27,1,1,2,1,46.731399536133,-117.17330169678,-1,
R_3JseWUaS1LA5a9P,Default Response Set,Anonymous,,,174.195.207.0,0,2020-06-08 16:41:34,2020-06-08 16:44:28,1,1,1,2,1,6,6,6,1,2,2,3,1,3,3,1,2,2,2,2,2,1,2,1,1,1,2,2,6,6,1,4,6,4,4,4,4,3,1,6,6,6,1,3,7,7,1,7,5,20,20,1,3,3,3,1,6,4,4,4,1,6,6,6,1,6,6,6,1,5,3,22,2,1,2,1,33.944900512695,-117.38339996338,-1,
R_1EhZZZkv0MswODs,Default Response Set,Anonymous,,,104.247.128.118,0,2020-06-08 16:45:27,2020-06-08 16:49:04,1,1,1,1,1,3,3,5,1,1,2,3,1,2,3,1,2,3,4,5,4,1,1,2,1,1,1,6,4,6,1,2,4,4,4,1,1,4,1,6,3,3,1,1,6,6,1,2,2,17,17,1,1,3,3,1,6,2,2,2,1,5,5,5,1,6,6,6,1,2,1,23,1,1,1,1,37.5625,-122.00039672852,-1,
R_2YrgtVdlajWKJkp,Default Response Set,Anonymous,,,136.36.11.200,0,2020-06-08 16:43:44,2020-06-08 16:51:04,1,1,1,4,7,4,4,4,1,4,3,3,1,4,5,1,2,3,3,3,3,1,2,1,2,1,2,7,7,3,1,4,3,4,4,4,3,3,1,6,2,7,1,1,5,3,1,6,2,17,16,1,1,5,2,1,7,2,2,1,1,2,2,2,1,5,3,5,1,4,2,26,2,1,2,1,40.23420715332,-111.64420318604,-1,
R_2w5GdMT46ASTVch,Default Response Set,Anonymous,,,142.120.54.69,0,2020-06-08 16:52:26,2020-06-08 16:58:11,1,1,1,4,7,6,6,5,1,4,4,4,1,5,7,1,4,4,4,4,4,1,3,3,2,1,3,6,2,6,1,3,4,6,6,4,4,4,1,5,5,5,1,3,6,4,1,5,2,16,16,1,2,4,4,1,4,2,1,1,1,7,4,4,1,4,4,4,1,2,2,20,2,1,2,1,43.653503417969,-79.402000427246,-1,
R_2wHspLuPL6HZmp9,Default Response Set,Anonymous,,,108.45.75.125,0,2020-06-08 16:53:00,2020-06-08 17:11:46,1,1,1,4,6,5,4,4,1,5,4,4,1,5,6,1,4,4,2,5,4,1,2,2,2,1,5,7,4,6,1,5,1,4,4,3,3,3,1,1,2,6,1,2,3,2,1,4,2,16,16,1,2,4,3,1,4,2,1,1,1,6,6,4,1,4,6,4,1,2,2,18,2,2,2,1,39.172302246094,-77.182998657227,-1,
R_1EcC9afrxg1Mi2v,Default Response Set,Anonymous,,,76.178.133.136,0,2020-06-08 17:14:10,2020-06-08 17:19:15,1,1,1,5,7,4,4,4,1,5,3,3,1,5,6,1,5,5,3,1,2,1,2,1,1,1,4,6,2,5,1,3,4,4,4,3,3,3,1,6,2,6,1,2,4,4,1,4,1,16,16,1,2,6,2,1,4,2,1,1,1,6,6,6,1,4,2,4,1,2,2,20,1,1,2,1,46.731399536133,-117.17330169678,-1,
R_brTqsViipewlZHX,Default Response Set,Anonymous,,,60.165.25.193,0,2020-06-08 17:40:47,2020-06-08 17:44:33,1,1,1,1,3,2,2,2,1,2,2,2,1,2,2,1,2,2,2,3,3,1,1,1,1,1,1,1,1,1,1,2,2,3,1,4,4,2,1,1,2,3,1,1,2,2,1,2,2,18,18,1,1,1,3,1,2,1,2,3,1,2,1,2,1,2,1,1,1,2,1,30,1,1,2,1,35.208206176758,105.74560546875,-1,
R_3g5EqmTCn7h0qIy,Default Response Set,Anonymous,,,142.202.230.168,0,2020-06-08 16:32:20,2020-06-08 18:52:39,1,1,1,5,7,6,6,5,1,4,4,4,1,4,5,1,3,3,2,4,3,1,2,2,1,1,6,6,2,4,1,2,5,6,5,4,4,3,1,5,3,6,1,3,3,5,1,4,2,16,16,1,1,6,6,1,4,2,1,1,1,1,4,5,1,5,5,4,1,3,2,23,1,1,2,1,46.731399536133,-117.17330169678,-1,
R_0fuCgJLWA4wywHn,Default Response Set,Anonymous,,,108.17.124.32,0,2020-06-08 19:38:29,2020-06-08 19:45:29,1,1,1,5,7,6,7,7,1,5,3,4,1,5,7,1,5,5,3,4,5,1,2,2,2,1,6,5,2,6,1,4,6,5,4,4,3,3,1,5,5,7,1,2,5,3,1,6,2,16,16,1,1,5,5,1,4,1,1,1,1,5,2,2,1,6,4,5,1,2,1,25,2,1,2,1,40.472503662109,-79.91089630127,-1,
R_1FyR0cs579KLtmB,Default Response Set,Anonymous,,,76.229.165.76,0,2020-06-08 19:38:18,2020-06-08 19:48:16,1,1,1,4,7,4,4,4,1,5,2,5,1,5,5,1,3,5,2,2,4,1,2,2,2,1,6,7,6,6,1,4,6,4,4,4,4,3,1,2,4,6,1,1,5,6,1,6,2,17,16,1,1,6,4,1,6,2,2,1,1,2,6,4,1,6,6,2,1,4,1,25,2,1,2,1,25.606201171875,-80.345199584961,-1,
R_3GEfyt167m3YUhe,Default Response Set,Anonymous,,,45.79.73.242,0,2020-06-08 19:40:27,2020-06-08 19:50:11,1,1,1,1,1,1,1,1,1,1,1,1,1,1,1,1,1,1,1,1,1,1,1,1,1,1,1,1,1,1,1,1,1,1,1,1,1,1,1,1,1,1,1,1,1,1,1,1,1,16,16,1,1,1,1,1,1,1,1,2,1,1,1,1,1,1,1,1,1,1,1,no,1,1,1,1,37.5625,-122.00039672852,-1,
R_2l8bXUDVi2lUdkl,Default Response Set,Anonymous,,,142.162.113.123,0,2020-06-08 19:40:02,2020-06-08 19:54:12,1,1,1,4,6,6,5,6,1,3,4,3,1,4,5,1,2,5,3,3,3,1,2,2,1,1,3,4,6,2,1,4,5,6,6,4,3,3,1,6,5,6,1,2,5,2,1,5,2,17,17,1,2,5,2,1,2,2,2,2,1,4,4,4,1,4,2,2,1,3,1,20,2,1,2,1,44.681396484375,-63.657096862793,-1,
R_DkRdJcQR00kpkSl,Default Response Set,Anonymous,,,120.84.12.232,0,2020-06-08 19:40:27,2020-06-08 19:59:03,1,1,1,2,6,4,4,4,1,4,3,3,1,5,4,1,5,3,2,1,2,1,2,2,2,1,4,4,4,4,1,3,6,4,5,3,3,3,1,4,4,4,1,2,4,4,1,4,1,16,16,1,1,6,4,1,4,1,1,1,1,4,4,4,1,4,4,4,1,3,2,26,2,2,2,1,23.028701782227,113.13409423828,-1,
R_3JaYSPpHP6KuogE,Default Response Set,Anonymous,,,99.105.192.190,0,2020-06-08 19:56:14,2020-06-08 20:01:38,1,1,1,3,1,1,4,4,1,3,3,3,1,3,4,1,3,3,3,3,3,1,3,3,3,1,4,4,4,4,1,3,4,4,4,3,3,3,1,4,4,4,1,3,4,4,1,4,2,17,17,1,3,4,4,1,4,2,2,2,1,4,4,4,1,4,4,4,1,3,3,23,2,2,2,1,42.460693359375,-83.458198547363,-1,
R_yQpyqxpeJjZ1AGd,Default Response Set,Anonymous,,,50.52.119.227,0,2020-06-08 20:00:56,2020-06-08 20:02:43,1,1,1,4,1,1,1,2,1,2,2,5,1,3,2,1,2,2,2,3,3,1,2,2,1,1,7,7,7,5,1,3,3,3,6,3,1,1,1,2,4,5,1,2,6,4,1,5,5,20,17,1,1,1,2,1,4,4,2,2,1,1,5,4,1,4,6,4,1,2,3,19,1,1,1,1,46.731399536133,-117.17330169678,-1,
R_1gGRJCLqhN5GYLA,Default Response Set,Anonymous,,,72.217.43.177,0,2020-06-08 19:38:38,2020-06-08 20:04:30,1,1,1,5,7,4,7,7,1,5,5,5,1,3,7,1,3,2,5,3,3,1,2,2,1,1,4,2,4,7,1,4,3,3,5,4,3,5,1,3,4,3,1,2,3,3,1,4,2,16,18,1,1,3,7,1,7,5,1,3,1,7,7,6,1,7,7,7,1,2,1,22,2,1,2,1,32.212295532227,-110.87899780273,-1,
R_swfDqPjXac4AX3H,Default Response Set,Anonymous,,,134.49.234.28,0,2020-06-08 18:12:34,2020-06-08 20:05:19,1,1,1,5,7,6,5,5,1,4,4,4,1,4,4,1,3,3,3,3,3,1,1,1,1,1,2,6,1,1,1,2,4,7,7,3,3,3,1,6,6,7,1,1,7,1,1,1,1,16,16,1,2,4,4,1,4,2,1,1,1,7,7,7,1,4,4,4,1,3,1,25,1,1,2,1,46.731399536133,-117.17330169678,-1,
R_3HjDEKHSXvjMLDX,Default Response Set,Anonymous,,,98.146.206.65,0,2020-06-08 20:01:39,2020-06-08 20:12:49,1,1,1,5,7,6,4,4,1,1,1,1,1,5,4,1,1,1,1,1,1,1,2,1,2,1,1,1,3,1,1,2,1,4,4,4,3,3,1,6,7,7,1,1,2,1,1,7,2,16,16,1,2,4,1,1,1,1,1,1,1,1,1,1,1,4,4,4,1,3,2,30,1,2,2,1,46.731399536133,-117.17330169678,-1,
R_1GZd5KzSKCZHZoL,Default Response Set,Anonymous,,,36.128.132.201,0,2020-06-08 20:10:35,2020-06-08 20:12:52,1,1,1,2,2,1,2,2,1,1,3,3,1,1,4,1,2,3,3,2,2,1,1,2,1,1,2,1,3,3,1,4,3,3,4,4,1,3,1,2,1,1,1,2,4,4,1,3,2,17,17,1,2,2,5,1,3,3,3,2,1,3,2,3,1,1,6,4,1,3,3,is,1,1,1,1,38.912200927734,121.60220336914,-1,
R_1BPCZQR5msHqkFx,Default Response Set,Anonymous,,,123.185.79.121,0,2020-06-08 20:11:46,2020-06-08 20:13:30,1,1,1,1,4,4,3,5,1,1,4,3,1,3,3,1,1,4,4,3,2,1,2,1,1,1,1,2,3,5,1,3,3,3,4,4,3,2,1,2,3,5,1,2,5,7,1,3,4,18,17,1,2,2,2,1,3,4,2,1,1,2,3,5,1,1,5,5,1,3,3,20,2,1,2,1,38.912200927734,121.60220336914,-1,
R_0p6xeg3utbOQkbn,Default Response Set,Anonymous,,,223.104.176.162,0,2020-06-08 20:12:27,2020-06-08 20:14:20,1,1,1,1,2,1,1,3,1,2,1,1,1,1,2,1,1,1,1,1,1,1,1,1,1,1,1,1,1,1,1,1,1,1,1,1,1,1,1,1,1,1,1,1,1,1,1,1,1,16,16,1,1,1,1,1,1,1,2,1,1,1,1,1,1,1,1,1,1,1,1,20,1,1,1,1,38.912200927734,121.60220336914,-1,
R_1fk3tGO5wzI6qHJ,Default Response Set,Anonymous,,,112.42.54.246,0,2020-06-08 20:11:55,2020-06-08 20:14:35,1,1,1,1,1,1,1,1,1,1,1,1,1,1,1,1,1,1,1,1,1,1,1,1,1,1,1,1,1,1,1,1,1,1,1,1,1,1,1,1,1,1,1,1,1,1,1,1,1,17,16,1,1,1,1,1,1,1,1,1,1,1,1,1,1,1,1,1,1,1,1,21,1,1,1,1,38.912200927734,121.60220336914,-1,
R_1JOsoa2zLtBa7SN,Default Response Set,Anonymous,,,123.185.120.29,0,2020-06-08 20:11:36,2020-06-08 20:16:56,1,1,1,2,3,3,1,3,1,3,3,3,1,3,4,1,3,3,3,3,3,1,3,3,2,1,3,4,2,4,1,3,4,1,1,3,3,3,1,3,3,3,1,2,3,4,1,3,2,17,17,1,2,3,4,1,3,3,2,2,1,2,3,3,1,3,2,3,1,3,2,20,1,1,1,1,38.966705322266,121.63330078125,-1,
R_TvmsRsTarTEVczL,Default Response Set,Anonymous,,,112.42.69.108,0,2020-06-08 20:14:26,2020-06-08 20:17:04,1,1,1,5,6,5,5,5,1,4,4,3,1,3,4,1,3,2,5,3,3,1,2,2,2,1,2,3,3,3,1,3,2,4,2,3,1,4,1,2,2,4,1,2,2,4,1,4,3,18,17,1,3,4,2,1,4,2,2,3,1,4,3,4,1,3,2,4,1,2,2,20,1,1,2,1,38.912200927734,121.60220336914,-1,
R_2abq4SU1uJ6NFDv,Default Response Set,Anonymous,,,112.39.108.192,0,2020-06-08 20:14:34,2020-06-08 20:17:40,1,1,1,1,2,3,3,4,1,2,2,3,1,3,5,1,1,2,3,3,3,1,2,1,1,1,4,4,4,5,1,3,3,2,3,1,1,3,1,4,5,5,1,2,2,6,1,2,2,19,18,1,3,5,4,1,3,2,3,3,1,4,3,4,1,5,5,5,1,2,2,wsss,1,1,1,1,41.78059387207,123.43121337891,-1,
R_0JIviCSHmq04H8R,Default Response Set,Anonymous,,,223.104.177.103,0,2020-06-08 20:17:38,2020-06-08 20:19:30,1,1,1,2,3,4,3,2,1,1,2,4,1,2,5,1,2,3,4,4,3,1,2,1,1,1,5,4,3,1,1,2,3,4,3,4,3,2,1,1,4,2,1,2,2,2,1,3,2,18,18,1,1,2,4,1,3,1,3,4,1,3,3,3,1,1,2,3,1,3,1,20,1,1,1,1,38.912200927734,121.60220336914,-1,
R_3iyDS1wtUMKto5c,Default Response Set,Anonymous,,,59.46.232.114,0,2020-06-08 20:19:17,2020-06-08 20:21:31,1,1,1,3,3,4,6,4,1,3,3,3,1,3,4,1,3,3,3,3,3,1,3,3,3,1,4,4,3,4,1,3,4,4,1,3,3,3,1,4,4,4,1,3,4,3,1,4,3,19,18,1,3,4,3,1,3,2,3,2,1,4,4,4,1,4,4,4,1,3,1,21,2,2,2,1,38.912200927734,121.60220336914,-1,
R_1ozsFwfmGQLccTp,Default Response Set,Anonymous,,,111.27.21.78,0,2020-06-08 20:26:42,2020-06-08 20:28:07,1,1,1,3,3,5,3,4,1,4,3,1,1,2,4,1,1,3,4,4,4,1,2,3,3,1,3,3,4,3,1,5,5,5,6,5,5,3,1,1,1,6,1,3,7,3,1,3,4,19,18,1,2,5,4,1,2,2,4,2,1,1,5,4,1,5,3,5,1,2,3,23,1,1,2,1,43.850799560547,126.56030273438,-1,
R_BMprN0vZeehfAFr,Default Response Set,Anonymous,,,112.40.74.5,0,2020-06-08 20:25:46,2020-06-08 20:29:35,1,1,1,1,3,4,2,4,1,3,3,2,1,3,6,1,4,4,4,5,3,1,1,1,1,1,2,7,4,4,1,3,3,5,6,4,5,4,1,4,6,6,1,3,3,5,1,3,4,19,20,1,2,6,6,1,5,5,4,3,1,7,6,6,1,6,5,6,1,5,3,20,2,1,1,1,38.912200927734,121.60220336914,-1,
R_1eQwY9z0P6WSqMG,Default Response Set,Anonymous,,,112.102.211.85,0,2020-06-08 20:28:52,2020-06-08 20:30:39,1,1,1,1,2,3,2,4,1,2,1,2,1,3,2,1,5,4,4,3,2,1,2,2,1,1,2,7,3,5,1,4,2,5,4,5,5,3,1,3,5,5,1,2,1,2,1,5,5,18,17,1,2,2,1,1,7,3,4,2,1,3,3,3,1,5,4,3,1,5,3,21,1,2,1,1,45.75,126.64999389648,-1,
R_3I5EUpWVvwQOfKk,Default Response Set,Anonymous,,,222.133.239.248,0,2020-06-08 20:35:33,2020-06-08 20:43:05,1,1,1,1,1,5,3,4,1,1,3,4,1,2,4,1,3,5,5,1,4,1,2,1,2,1,1,5,5,6,1,3,4,6,5,5,1,1,1,3,7,6,1,3,1,6,1,3,3,17,17,1,2,5,4,1,4,4,5,4,1,3,3,6,1,3,2,1,1,4,3,30,1,1,2,1,31.044906616211,121.40121459961,-1,
R_3FWG1khFXOOrRT7,Default Response Set,Anonymous,,,223.104.237.108,0,2020-06-08 20:41:05,2020-06-08 20:43:08,1,1,1,1,2,2,1,2,1,1,3,1,1,3,1,1,2,1,3,2,1,1,3,2,1,1,1,1,4,3,1,2,2,3,2,3,1,1,1,1,1,1,1,3,1,2,1,4,1,17,18,1,2,1,1,1,1,2,1,2,1,1,3,4,1,1,1,1,1,3,3,19.,2,1,2,1,38.912200927734,121.60220336914,-1,
R_3fDiUmnfJyKGC2f,Default Response Set,Anonymous,,,172.58.43.132,0,2020-06-08 20:38:51,2020-06-08 20:47:53,1,1,1,3,7,6,2,6,1,4,4,5,1,5,7,1,1,3,1,1,1,1,2,2,2,1,3,5,4,4,1,4,6,4,4,4,4,4,1,3,6,5,1,2,6,3,1,5,2,16,17,1,1,6,3,1,4,1,1,2,1,5,5,4,1,5,4,4,1,3,2,26,1,2,2,1,47.446701049805,-122.26840209961,-1,
R_2upqt9MXt9Z2S8b,Default Response Set,Anonymous,,,42.249.11.41,0,2020-06-08 20:52:24,2020-06-08 20:54:15,1,1,1,2,5,2,1,2,1,3,2,3,1,1,3,1,4,3,3,2,3,1,1,2,2,1,2,2,3,6,1,1,1,2,7,1,4,4,1,1,3,2,1,1,5,2,1,1,3,17,20,1,1,1,3,1,1,5,5,4,1,1,6,4,1,4,5,5,1,1,2,21,2,2,2,1,41.11669921875,122.04998779297,-1,
R_2c0I8YmTEctWqEY,Default Response Set,Anonymous,,,153.169.236.186,0,2020-06-08 20:53:28,2020-06-08 20:55:29,1,1,1,1,1,2,1,2,1,3,4,2,1,1,5,1,3,3,2,1,3,1,2,3,2,1,1,1,3,5,1,3,5,4,4,2,1,2,1,1,6,5,1,2,4,4,1,2,3,18,20,1,2,3,4,1,2,5,5,2,1,1,2,6,1,5,2,4,1,3,3,20,1,2,2,1,35.426498413086,139.51568603516,-1,
R_1dKTgx0KPrdM7ur,Default Response Set,Anonymous,,,153.169.236.186,0,2020-06-08 20:56:13,2020-06-08 20:57:44,1,1,1,4,3,6,5,5,1,3,5,3,1,1,5,1,2,4,3,4,3,1,1,1,2,1,1,2,3,1,1,5,5,6,5,4,3,4,1,2,2,3,1,2,6,6,1,3,5,20,18,1,2,2,4,1,2,4,5,4,1,1,3,5,1,1,4,6,1,2,3,22,1,1,1,1,35.426498413086,139.51568603516,-1,
R_3G7Vy6a0sEW9WQ0,Default Response Set,Anonymous,,,103.3.139.68,0,2020-06-08 20:58:51,2020-06-08 21:01:18,1,1,1,1,3,6,2,6,1,2,3,5,1,3,6,1,2,5,5,2,4,1,3,3,1,1,1,4,3,4,1,4,6,5,5,5,5,2,1,2,5,7,1,3,5,1,1,4,4,18,18,1,2,6,5,1,4,4,4,3,1,2,7,5,1,2,4,5,1,3,3,en,2,2,1,1,44.302307128906,86.036895751953,-1,
R_Y4dI9DrVCFRfryh,Default Response Set,Anonymous,,,1.36.249.60,0,2020-06-08 20:58:18,2020-06-08 21:04:38,1,1,1,5,7,6,5,4,1,4,5,3,1,5,5,1,5,5,2,2,2,1,2,1,2,1,6,7,5,4,1,5,7,5,5,4,3,3,1,5,6,7,1,2,5,5,1,7,2,16,16,1,2,6,6,1,5,2,1,1,1,7,4,4,1,6,6,3,1,1,1,21,2,1,2,1,22.290893554688,114.14999389648,-1,
R_2OZxygqFdC8vpmR,Default Response Set,Anonymous,,,42.249.58.60,0,2020-06-07 18:38:31,2020-06-08 21:15:01,1,1,1,2,2,3,4,4,1,1,2,3,1,1,2,1,1,2,3,4,3,1,1,1,2,1,1,2,2,5,1,1,3,5,4,4,4,3,1,2,2,6,1,1,2,4,1,3,4,20,19,1,2,4,5,1,2,4,5,3,1,2,1,1,1,1,1,3,1,3,3,21,2,2,2,1,41.78059387207,123.43121337891,-1,
R_eQayoN88f4GoL6x,Default Response Set,Anonymous,,,172.58.46.214,0,2020-06-08 20:16:13,2020-06-08 21:20:57,1,1,1,1,7,4,3,6,1,4,3,3,1,1,4,1,4,4,3,5,5,1,1,2,1,1,3,1,4,2,1,3,3,5,6,4,4,2,1,2,1,4,1,2,1,5,1,4,5,19,19,1,2,2,3,1,4,5,5,4,1,1,2,3,1,2,4,7,1,4,3,22,2,1,1,1,47.444107055664,-122.32490539551,-1,
R_3ffPy8XmRajJX3E,Default Response Set,Anonymous,,,71.84.180.241,0,2020-06-08 22:57:09,2020-06-08 23:02:15,1,1,1,3,7,6,6,6,1,4,4,4,1,5,7,1,3,4,4,4,4,1,2,2,2,1,4,4,4,4,1,4,6,4,4,4,3,3,1,4,4,4,1,2,4,4,1,4,1,16,16,1,2,4,4,1,4,1,1,1,1,4,4,4,1,4,4,4,1,3,2,26,2,2,2,1,46.325698852539,-119.30670166016,-1,
R_3PuyXZtoICFLAXG,Default Response Set,Anonymous,,,76.178.183.173,0,2020-06-07 19:43:34,2020-06-08 23:02:24,1,1,1,2,2,2,1,2,1,2,2,2,1,2,5,1,2,3,2,2,3,1,1,1,1,1,2,2,3,3,1,2,1,2,3,2,3,2,1,2,2,1,1,1,1,5,1,5,2,16,17,1,1,2,3,1,2,2,2,2,1,3,3,3,1,2,2,2,1,1,1,23,1,1,1,1,46.731399536133,-117.17330169678,-1,
R_2fCBbKxT4QYivdD,Default Response Set,Anonymous,,,104.175.65.124,0,2020-06-08 22:53:56,2020-06-08 23:05:44,1,1,1,4,7,6,5,6,1,5,5,4,1,4,6,1,4,5,4,4,4,1,2,2,1,1,4,6,4,4,1,4,6,6,6,4,4,4,1,5,5,6,1,1,5,5,1,6,2,17,17,1,1,6,4,1,5,2,2,2,1,6,7,6,1,6,7,5,1,1,1,25,2,1,2,1,34.153503417969,-117.845703125,-1,
R_bEguA6wdseN01Ud,Default Response Set,Anonymous,,,107.77.205.125,0,2020-06-08 23:01:15,2020-06-08 23:09:39,1,1,1,3,6,4,6,4,1,3,3,3,1,5,5,1,4,3,2,4,1,1,2,2,2,1,4,2,4,3,1,3,4,4,4,4,4,4,1,4,4,4,1,1,4,2,1,4,2,17,17,1,1,4,2,1,2,1,1,1,1,4,4,4,1,4,4,4,1,2,2,22,1,2,2,1,61.203399658203,-149.75950622559,-1,
R_3PuFU1vObMnGQj2,Default Response Set,Anonymous,,,42.3.72.211,0,2020-06-08 23:03:50,2020-06-08 23:12:33,1,1,1,3,6,5,5,5,1,3,4,4,1,4,4,1,3,4,3,3,3,1,2,2,2,1,5,7,1,6,1,3,4,6,6,4,3,3,1,6,5,5,1,2,5,5,1,5,3,16,16,1,2,4,5,1,5,3,1,1,1,4,4,4,1,4,4,5,1,3,1,20,2,2,2,1,22.313705444336,114.18368530273,-1,
R_5sRHkPsZRKckG2J,Default Response Set,Anonymous,,,69.166.47.134,0,2020-06-08 22:59:29,2020-06-08 23:12:50,1,1,1,5,7,4,4,4,1,4,2,3,1,5,5,1,4,4,3,4,1,1,2,2,2,1,1,3,4,1,1,4,4,4,4,4,4,3,1,5,3,7,1,2,3,2,1,4,1,16,16,1,1,2,1,1,1,1,1,1,1,1,1,1,1,2,2,1,1,2,2,22,1,1,2,1,46.733001708984,-117.17890167236,-1,
R_8v2ju2mSr6o58kx,Default Response Set,Anonymous,,,124.135.87.34,0,2020-06-08 23:21:17,2020-06-08 23:27:03,1,1,1,5,7,6,7,7,1,4,4,4,1,5,7,1,4,4,3,3,3,1,2,2,2,1,2,2,6,2,1,4,6,6,6,4,4,4,1,5,6,6,1,2,5,2,1,5,2,17,17,1,2,4,2,1,4,2,2,2,1,6,2,2,1,5,5,3,1,2,2,27,2,1,2,1,36.065994262695,120.36938476562,-1,
R_1ilHMk1mI5Vgc9H,Default Response Set,Anonymous,,,172.58.44.246,0,2020-06-08 23:36:43,2020-06-08 23:42:24,1,1,1,4,6,4,4,4,1,3,3,3,1,4,4,1,2,1,1,1,1,1,2,2,3,1,1,6,1,1,1,4,4,4,4,3,3,3,1,5,3,5,1,2,6,3,1,4,2,16,16,1,2,6,1,1,1,1,1,1,1,6,6,6,1,4,4,1,1,2,1,25,1,2,2,1,43.633895874023,-116.29420471191,-1,
R_5717LKqBSfFiXmh,Default Response Set,Anonymous,,,122.96.42.124,0,2020-06-09 07:57:11,2020-06-09 07:59:37,1,1,1,1,5,2,1,1,1,1,4,4,1,1,6,1,4,3,3,3,3,1,2,2,2,1,1,3,2,3,1,3,4,3,5,3,5,5,1,1,5,6,1,1,1,2,1,1,2,18,18,1,2,3,4,1,4,3,3,3,1,3,2,4,1,3,3,3,1,4,3,23,2,1,2,1,32.061706542969,118.77780151367,-1,
R_1luFXWYQI0nvn1p,Default Response Set,Anonymous,,,76.178.179.203,0,2020-06-08 22:54:12,2020-06-09 10:50:09,1,1,1,5,6,2,6,5,1,4,4,1,1,5,7,1,2,2,3,3,4,1,3,2,2,1,1,4,5,5,1,2,6,1,2,3,3,3,1,3,4,4,1,3,3,4,1,4,4,19,18,1,1,3,5,1,5,3,4,3,1,5,5,5,1,4,7,4,1,4,2,24,1,1,2,1,46.731399536133,-117.17330169678,-1,
R_32SlAYtjwWHuSBr,Default Response Set,Anonymous,,,71.193.159.114,0,2020-06-10 11:32:00,2020-06-10 11:37:41,1,1,1,2,5,6,6,6,1,1,4,4,1,3,5,1,5,4,3,3,3,1,2,2,1,1,5,7,1,5,1,2,2,4,4,4,4,2,1,6,6,2,1,1,5,6,1,6,2,17,16,1,1,2,2,1,6,2,2,1,1,7,2,3,1,6,5,7,1,3,1,22,2,1,1,1,45.637802124023,-122.52389526367,-1,
R_eFYnEEtl0cTVGWl,Default Response Set,Anonymous,,,98.146.205.101,0,2020-06-05 18:08:08,2020-06-05 18:08:10,0,1,,,,,,,,,,,,,,,,,,,,,,,,,,,,,,,,,,,,,,,,,,,,,,,,,,,,,,,,,,,,,,,,,,,,,,,,,,,,,-1,
R_vP8njtElUE1ma9X,Default Response Set,Anonymous,,,73.59.70.225,0,2020-06-05 18:09:05,2020-06-05 18:09:52,0,1,1,4,6,6,4,4,,,,,,,,,,,,,,,,,,,,,,,,,,,,,,,,,,,,,,,,,,,,,,,,,,,,,,,,,,,,,,,,,,,,,,,-1,
R_prOjBS3V55runKh,Default Response Set,Anonymous,,,76.178.181.249,0,2020-06-05 18:13:26,2020-06-05 18:13:30,0,1,,,,,,,,,,,,,,,,,,,,,,,,,,,,,,,,,,,,,,,,,,,,,,,,,,,,,,,,,,,,,,,,,,,,,,,,,,,,,-1,
R_1dvrAgx5OArYOsG,Default Response Set,Anonymous,,,134.49.234.228,0,2020-06-05 18:13:43,2020-06-05 18:13:46,0,1,,,,,,,,,,,,,,,,,,,,,,,,,,,,,,,,,,,,,,,,,,,,,,,,,,,,,,,,,,,,,,,,,,,,,,,,,,,,,-1,
R_27KjHbjQRKdF2bu,Default Response Set,Anonymous,,,65.24.172.116,0,2020-06-05 18:13:24,2020-06-05 18:14:07,0,1,1,5,7,4,4,4,1,3,3,3,,,,,,,,,,,,,,,,,,,,,,,,,,,,,,,,,,,,,,,,,,,,,,,,,,,,,,,,,,,,,,,,,,,-1,
R_NWOVbpFdrklUiMV,Default Response Set,Anonymous,,,113.127.159.17,0,2020-06-05 18:15:55,2020-06-05 18:17:00,0,1,1,5,7,6,7,7,,,,,,,,,,,,,,,,,,,,,,,,,,,,,,,,,,,,,,,,,,,,,,,,,,,,,,,,,,,,,,,,,,,,,,,-1,
R_2cc14H9umQrHFMI,Default Response Set,Anonymous,,,134.49.235.58,0,2020-06-05 18:17:24,2020-06-05 18:17:54,0,1,1,3,5,6,3,3,,,,,,,,,,,,,,,,,,,,,,,,,,,,,,,,,,,,,,,,,,,,,,,,,,,,,,,,,,,,,,,,,,,,,,,-1,
R_1d5KY37idZ4NlaH,Default Response Set,Anonymous,,,134.49.235.38,0,2020-06-05 18:20:15,2020-06-05 18:20:22,0,1,,,,,,,,,,,,,,,,,,,,,,,,,,,,,,,,,,,,,,,,,,,,,,,,,,,,,,,,,,,,,,,,,,,,,,,,,,,,,-1,
R_T6IoiI9BHNJUf4d,Default Response Set,Anonymous,,,172.58.43.202,0,2020-06-05 18:21:22,2020-06-05 18:21:25,0,1,,,,,,,,,,,,,,,,,,,,,,,,,,,,,,,,,,,,,,,,,,,,,,,,,,,,,,,,,,,,,,,,,,,,,,,,,,,,,-1,
R_1jPwdaz6ahCy5j6,Default Response Set,Anonymous,,,76.178.20.131,0,2020-06-05 18:22:45,2020-06-05 18:22:49,0,1,,,,,,,,,,,,,,,,,,,,,,,,,,,,,,,,,,,,,,,,,,,,,,,,,,,,,,,,,,,,,,,,,,,,,,,,,,,,,-1,
R_1dzUHbiAXsAkQ9r,Default Response Set,Anonymous,,,98.146.205.122,0,2020-06-05 18:29:35,2020-06-05 18:30:31,0,1,1,4,6,6,4,7,,,,,,,,,,,,,,,,,,,,,,,,,,,,,,,,,,,,,,,,,,,,,,,,,,,,,,,,,,,,,,,,,,,,,,,-1,
R_2CVXluPZTR9G3bp,Default Response Set,Anonymous,,,98.146.192.40,0,2020-06-05 18:31:00,2020-06-05 18:31:04,0,1,,,,,,,,,,,,,,,,,,,,,,,,,,,,,,,,,,,,,,,,,,,,,,,,,,,,,,,,,,,,,,,,,,,,,,,,,,,,,-1,
R_25EkjSkhw5RU6b1,Default Response Set,Anonymous,,,134.49.235.79,0,2020-06-05 18:41:12,2020-06-05 18:41:22,0,1,,,,,,,,,,,,,,,,,,,,,,,,,,,,,,,,,,,,,,,,,,,,,,,,,,,,,,,,,,,,,,,,,,,,,,,,,,,,,-1,
R_3p3dmvFalzotA9u,Default Response Set,Anonymous,,,172.58.44.227,0,2020-06-05 18:43:01,2020-06-05 18:43:05,0,1,,,,,,,,,,,,,,,,,,,,,,,,,,,,,,,,,,,,,,,,,,,,,,,,,,,,,,,,,,,,,,,,,,,,,,,,,,,,,-1,
R_2qC1T7gzNdKxrjs,Default Response Set,Anonymous,,,144.255.53.89,0,2020-06-05 18:45:00,2020-06-05 18:46:47,0,1,1,3,6,6,5,5,,,,,,,,,,,,,,,,,,,,,,,,,,,,,,,,,,,,,,,,,,,,,,,,,,,,,,,,,,,,,,,,,,,,,,,-1,
R_293QtXV4eKedVHF,Default Response Set,Anonymous,,,69.166.47.165,0,2020-06-05 18:54:58,2020-06-05 18:55:57,0,1,1,3,5,4,4,4,1,1,1,3,1,5,2,,,,,,,,,,,,,,,,,,,,,,,,,,,,,,,,,,,,,,,,,,,,,,,,,,,,,,,,,,,,,,,,-1,
R_3Oqr3siGxwwEhcw,Default Response Set,Anonymous,,,134.49.235.218,0,2020-06-05 19:03:56,2020-06-05 19:04:07,0,1,,,,,,,,,,,,,,,,,,,,,,,,,,,,,,,,,,,,,,,,,,,,,,,,,,,,,,,,,,,,,,,,,,,,,,,,,,,,,-1,
R_2YyaZdxvQ0sutVt,Default Response Set,Anonymous,,,98.146.195.67,0,2020-06-05 19:03:55,2020-06-05 19:04:41,0,1,1,5,7,7,7,7,,,,,,,,,,,,,,,,,,,,,,,,,,,,,,,,,,,,,,,,,,,,,,,,,,,,,,,,,,,,,,,,,,,,,,,-1,
R_301bIyYnnHZCwKM,Default Response Set,Anonymous,,,134.49.235.156,0,2020-06-05 19:27:24,2020-06-05 19:28:06,0,1,1,3,7,6,6,5,,,,,,,,,,,,,,,,,,,,,,,,,,,,,,,,,,,,,,,,,,,,,,,,,,,,,,,,,,,,,,,,,,,,,,,-1,
R_1rek4aHErzvJxnZ,Default Response Set,Anonymous,,,98.146.207.29,0,2020-06-05 19:54:32,2020-06-05 19:55:50,0,1,1,5,7,7,1,1,1,1,1,1,1,1,1,1,1,1,1,1,1,1,2,2,2,,,,,,,,,,,,,,,,,,,,,,,,,,,,,,,,,,,,,,,,,,,,,,,,,,,,,,-1,
R_27BEJ4WdoxQKZnG,Default Response Set,Anonymous,,,69.76.8.244,0,2020-06-05 21:01:16,2020-06-05 21:01:25,0,1,,,,,,,,,,,,,,,,,,,,,,,,,,,,,,,,,,,,,,,,,,,,,,,,,,,,,,,,,,,,,,,,,,,,,,,,,,,,,-1,
R_vuBMzP13TRVDzkl,Default Response Set,Anonymous,,,134.49.235.105,0,2020-06-06 00:06:33,2020-06-06 00:07:06,0,1,1,5,7,6,6,6,,,,,,,,,,,,,,,,,,,,,,,,,,,,,,,,,,,,,,,,,,,,,,,,,,,,,,,,,,,,,,,,,,,,,,,-1,
R_2CIZo6QVnZ9LI2t,Default Response Set,Anonymous,,,98.146.199.114,0,2020-06-06 01:09:48,2020-06-06 01:10:25,0,1,1,5,7,6,6,4,,,,,,,,,,,,,,,,,,,,,,,,,,,,,,,,,,,,,,,,,,,,,,,,,,,,,,,,,,,,,,,,,,,,,,,-1,
R_3D6KeZ3Ab3fj5TB,Default Response Set,Anonymous,,,114.249.169.153,0,2020-06-06 06:56:47,2020-06-06 06:57:14,0,1,1,1,1,2,1,3,1,2,2,2,1,4,5,1,3,4,,,,,,,,,,,,,,,,,,,,,,,,,,,,,,,,,,,,,,,,,,,,,,,,,,,,,,,,,,,,,-1,
R_263cilPGJyal4wN,Default Response Set,Anonymous,,,134.49.235.65,0,2020-06-06 06:58:27,2020-06-06 06:58:30,0,1,,,,,,,,,,,,,,,,,,,,,,,,,,,,,,,,,,,,,,,,,,,,,,,,,,,,,,,,,,,,,,,,,,,,,,,,,,,,,-1,
R_Wpmr9porA2hPsyd,Default Response Set,Anonymous,,,223.104.131.183,0,2020-06-06 07:00:05,2020-06-06 07:00:12,0,1,,,,,,,,,,,,,,,,,,,,,,,,,,,,,,,,,,,,,,,,,,,,,,,,,,,,,,,,,,,,,,,,,,,,,,,,,,,,,-1,
R_TbfYZvb81eUPFPb,Default Response Set,Anonymous,,,119.39.90.103,0,2020-06-06 07:00:01,2020-06-06 07:00:40,0,1,1,2,1,1,2,6,1,2,3,4,1,1,2,1,1,2,4,4,1,,,,,,,,,,,,,,,,,,,,,,,,,,,,,,,,,,,,,,,,,,,,,,,,,,,,,,,,,,-1,
R_1CDvAMhp0b8q1kA,Default Response Set,Anonymous,,,101.80.67.52,0,2020-06-06 07:01:10,2020-06-06 07:01:20,0,1,,,,,,,,,,,,,,,,,,,,,,,,,,,,,,,,,,,,,,,,,,,,,,,,,,,,,,,,,,,,,,,,,,,,,,,,,,,,,-1,
R_9tzpBHNACu4Obo5,Default Response Set,Anonymous,,,36.62.18.170,0,2020-06-06 07:01:33,2020-06-06 07:01:54,0,1,,,,,,,,,,,,,,,,,,,,,,,,,,,,,,,,,,,,,,,,,,,,,,,,,,,,,,,,,,,,,,,,,,,,,,,,,,,,,-1,
R_3Pv0EaqpWfeG0r1,Default Response Set,Anonymous,,,1.200.194.88,0,2020-06-05 19:26:07,2020-06-06 07:03:00,0,1,1,5,6,6,6,6,1,4,4,5,1,5,6,1,5,4,4,4,4,1,2,1,2,1,6,6,6,5,1,4,5,5,5,5,4,4,1,5,6,5,1,2,6,6,1,6,3,16,17,1,2,6,5,,,,,,,,,,,,,,,,,,,,,,,,-1,
R_21h4MrNA4RKJtBH,Default Response Set,Anonymous,,,36.104.198.19,0,2020-06-06 07:03:58,2020-06-06 07:04:07,0,1,,,,,,,,,,,,,,,,,,,,,,,,,,,,,,,,,,,,,,,,,,,,,,,,,,,,,,,,,,,,,,,,,,,,,,,,,,,,,-1,
R_3F4ABTv7HyGOrXq,Default Response Set,Anonymous,,,223.104.148.16,0,2020-06-06 07:03:05,2020-06-06 07:05:11,0,1,1,3,7,4,4,4,1,3,3,3,1,3,4,1,3,3,3,3,3,,,,,,,,,,,,,,,,,,,,,,,,,,,,,,,,,,,,,,,,,,,,,,,,,,,,,,,,,,-1,
R_8lfe4YIkdj5mtXP,Default Response Set,Anonymous,,,115.207.107.44,0,2020-06-06 07:02:38,2020-06-06 07:05:33,0,1,1,2,3,5,1,1,1,2,4,3,1,2,4,1,3,3,3,5,2,1,2,1,3,1,3,5,2,4,1,4,5,5,1,4,4,1,1,2,5,4,1,2,1,4,1,4,5,16,17,1,2,4,2,1,6,5,5,2,,,,,,,,,,,,,,,,,,,-1,
R_33y6F8RZVAUH9vJ,Default Response Set,Anonymous,,,98.146.200.9,0,2020-06-06 07:29:51,2020-06-06 07:32:43,0,1,1,3,6,6,4,6,1,3,3,4,1,4,4,1,3,4,2,2,2,1,2,2,2,1,5,5,4,3,1,3,3,3,4,,,,,,,,,,,,,,,,,,,,,,,,,,,,,,,,,,,,,,,,,,,,-1,
R_3gRcyS796S0MYRg,Default Response Set,Anonymous,,,223.104.65.234,0,2020-06-06 07:34:37,2020-06-06 07:34:53,0,1,,,,,,,,,,,,,,,,,,,,,,,,,,,,,,,,,,,,,,,,,,,,,,,,,,,,,,,,,,,,,,,,,,,,,,,,,,,,,-1,
R_2ahpuH0A1AxaJzq,Default Response Set,Anonymous,,,27.187.79.32,0,2020-06-06 08:15:17,2020-06-06 08:15:39,0,1,,,,,,,,,,,,,,,,,,,,,,,,,,,,,,,,,,,,,,,,,,,,,,,,,,,,,,,,,,,,,,,,,,,,,,,,,,,,,-1,
R_1etnIwlmsPbzPOQ,Default Response Set,Anonymous,,,180.106.94.194,0,2020-06-06 08:21:28,2020-06-06 08:21:36,0,1,,,,,,,,,,,,,,,,,,,,,,,,,,,,,,,,,,,,,,,,,,,,,,,,,,,,,,,,,,,,,,,,,,,,,,,,,,,,,-1,
R_3qw0XdVf5jJ73gt,Default Response Set,Anonymous,,,69.76.8.95,0,2020-06-06 08:21:59,2020-06-06 08:24:41,0,1,1,4,6,4,4,5,1,4,1,5,1,5,6,1,1,1,1,1,1,1,2,2,2,1,1,4,4,1,,,,,,,,,,,,,,,,,,,,,,,,,,,,,,,,,,,,,,,,,,,,,,,,,-1,
R_2CpSaGk98ITWEUF,Default Response Set,Anonymous,,,134.49.234.133,0,2020-06-05 18:53:34,2020-06-06 08:33:26,0,1,1,5,7,5,5,5,1,3,4,4,,,,,,,,,,,,,,,,,,,,,,,,,,,,,,,,,,,,,,,,,,,,,,,,,,,,,,,,,,,,,,,,,,,-1,
R_0x0LjJdbIxbywwN,Default Response Set,Anonymous,,,69.166.47.173,0,2020-06-06 09:22:54,2020-06-06 09:23:36,0,1,1,5,7,6,5,6,,,,,,,,,,,,,,,,,,,,,,,,,,,,,,,,,,,,,,,,,,,,,,,,,,,,,,,,,,,,,,,,,,,,,,,-1,
R_3hm9jE4RfojXMgI,Default Response Set,Anonymous,,,69.166.47.171,0,2020-06-06 09:46:06,2020-06-06 09:46:17,0,1,,,,,,,,,,,,,,,,,,,,,,,,,,,,,,,,,,,,,,,,,,,,,,,,,,,,,,,,,,,,,,,,,,,,,,,,,,,,,-1,
R_pE18ObMvKrmLHC9,Default Response Set,Anonymous,,,134.49.235.158,0,2020-06-06 10:06:18,2020-06-06 10:07:18,0,1,1,5,7,6,6,6,1,3,3,4,,,,,,,,,,,,,,,,,,,,,,,,,,,,,,,,,,,,,,,,,,,,,,,,,,,,,,,,,,,,,,,,,,,-1,
R_3gYjeS0yXAxKBR2,Default Response Set,Anonymous,,,50.52.103.38,0,2020-06-06 10:14:59,2020-06-06 10:15:07,0,1,,,,,,,,,,,,,,,,,,,,,,,,,,,,,,,,,,,,,,,,,,,,,,,,,,,,,,,,,,,,,,,,,,,,,,,,,,,,,-1,
R_2q8lv0vqHNgGRLw,Default Response Set,Anonymous,,,174.246.16.103,0,2020-06-06 11:01:38,2020-06-06 11:01:50,0,1,,,,,,,,,,,,,,,,,,,,,,,,,,,,,,,,,,,,,,,,,,,,,,,,,,,,,,,,,,,,,,,,,,,,,,,,,,,,,-1,
R_1rH5MEE4dhEbDfw,Default Response Set,Anonymous,,,98.145.92.63,0,2020-06-06 14:29:37,2020-06-06 14:29:41,0,1,,,,,,,,,,,,,,,,,,,,,,,,,,,,,,,,,,,,,,,,,,,,,,,,,,,,,,,,,,,,,,,,,,,,,,,,,,,,,-1,
R_3KHnzomfeLFLKO6,Default Response Set,Anonymous,,,142.202.229.170,0,2020-06-06 22:13:32,2020-06-06 22:13:37,0,1,,,,,,,,,,,,,,,,,,,,,,,,,,,,,,,,,,,,,,,,,,,,,,,,,,,,,,,,,,,,,,,,,,,,,,,,,,,,,-1,
R_2YgJ5S6a1P4Ii3e,Default Response Set,Anonymous,,,172.58.47.107,0,2020-06-06 22:14:13,2020-06-06 22:15:41,0,1,1,4,7,5,4,5,1,5,3,5,1,5,6,,,,,,,,,,,,,,,,,,,,,,,,,,,,,,,,,,,,,,,,,,,,,,,,,,,,,,,,,,,,,,,,-1,
R_xxUN16CEOPZdvH3,Default Response Set,Anonymous,,,113.55.110.236,0,2020-06-06 22:20:05,2020-06-06 22:23:11,0,1,1,5,7,3,3,3,1,4,4,5,1,3,6,1,3,4,3,4,2,1,1,1,2,,,,,,,,,,,,,,,,,,,,,,,,,,,,,,,,,,,,,,,,,,,,,,,,,,,,,,-1,
R_1H1MsyW4zyUAoTt,Default Response Set,Anonymous,,,50.52.119.227,0,2020-06-06 22:25:04,2020-06-06 22:25:32,0,1,1,3,6,4,3,7,1,3,3,5,1,1,7,1,4,5,5,3,4,1,2,1,1,,,,,,,,,,,,,,,,,,,,,,,,,,,,,,,,,,,,,,,,,,,,,,,,,,,,,,-1,
R_1CKmCRhungwetq2,Default Response Set,Anonymous,,,69.166.47.174,0,2020-06-07 15:17:12,2020-06-07 15:17:29,0,1,,,,,,,,,,,,,,,,,,,,,,,,,,,,,,,,,,,,,,,,,,,,,,,,,,,,,,,,,,,,,,,,,,,,,,,,,,,,,-1,
R_3qCpDRmXfM47AXG,Default Response Set,Anonymous,,,172.58.219.75,0,2020-06-07 15:18:34,2020-06-07 15:19:27,0,1,1,3,7,5,5,5,,,,,,,,,,,,,,,,,,,,,,,,,,,,,,,,,,,,,,,,,,,,,,,,,,,,,,,,,,,,,,,,,,,,,,,-1,
R_saQikkc1PEiUuT7,Default Response Set,Anonymous,,,172.92.4.66,0,2020-06-07 15:25:59,2020-06-07 15:27:14,0,1,1,4,6,4,6,6,,,,,,,,,,,,,,,,,,,,,,,,,,,,,,,,,,,,,,,,,,,,,,,,,,,,,,,,,,,,,,,,,,,,,,,-1,
R_30ja4vI2UXubjvb,Default Response Set,Anonymous,,,134.49.235.38,0,2020-06-07 15:37:26,2020-06-07 15:37:29,0,1,,,,,,,,,,,,,,,,,,,,,,,,,,,,,,,,,,,,,,,,,,,,,,,,,,,,,,,,,,,,,,,,,,,,,,,,,,,,,-1,
R_1febsDztmzvzYOX,Default Response Set,Anonymous,,,65.24.172.116,0,2020-06-07 16:01:50,2020-06-07 16:01:54,0,1,,,,,,,,,,,,,,,,,,,,,,,,,,,,,,,,,,,,,,,,,,,,,,,,,,,,,,,,,,,,,,,,,,,,,,,,,,,,,-1,
R_3O2j3MCHXetGUNP,Default Response Set,Anonymous,,,98.146.195.105,0,2020-06-07 16:02:58,2020-06-07 16:03:04,0,1,,,,,,,,,,,,,,,,,,,,,,,,,,,,,,,,,,,,,,,,,,,,,,,,,,,,,,,,,,,,,,,,,,,,,,,,,,,,,-1,
R_3pshPAu7SqytpS5,Default Response Set,Anonymous,,,60.246.64.254,0,2020-06-07 16:31:55,2020-06-07 16:32:56,0,1,1,5,4,4,4,4,,,,,,,,,,,,,,,,,,,,,,,,,,,,,,,,,,,,,,,,,,,,,,,,,,,,,,,,,,,,,,,,,,,,,,,-1,
R_1l4w548ndYZjDWI,Default Response Set,Anonymous,,,98.145.176.41,0,2020-06-07 16:59:12,2020-06-07 17:05:45,0,1,1,4,7,6,4,4,1,5,4,4,1,4,6,1,3,4,1,4,1,1,2,2,2,1,6,6,2,5,,,,,,,,,,,,,,,,,,,,,,,,,,,,,,,,,,,,,,,,,,,,,,,,,-1,
R_3FPY6BWl1mmC0ia,Default Response Set,Anonymous,,,69.166.47.173,0,2020-06-07 17:09:52,2020-06-07 17:11:34,0,1,1,4,7,4,4,4,,,,,,,,,,,,,,,,,,,,,,,,,,,,,,,,,,,,,,,,,,,,,,,,,,,,,,,,,,,,,,,,,,,,,,,-1,
R_3kb1dkwQGIbLizw,Default Response Set,Anonymous,,,73.254.199.80,0,2020-06-07 17:44:24,2020-06-07 17:46:10,0,1,1,5,7,5,6,6,,,,,,,,,,,,,,,,,,,,,,,,,,,,,,,,,,,,,,,,,,,,,,,,,,,,,,,,,,,,,,,,,,,,,,,-1,
R_1kGraEB2MBq2gSF,Default Response Set,Anonymous,,,222.247.198.76,0,2020-06-07 18:09:30,2020-06-07 18:09:38,0,1,,,,,,,,,,,,,,,,,,,,,,,,,,,,,,,,,,,,,,,,,,,,,,,,,,,,,,,,,,,,,,,,,,,,,,,,,,,,,-1,
R_3KqI75XRmJy6e2L,Default Response Set,Anonymous,,,134.49.235.38,0,2020-06-07 18:10:53,2020-06-07 18:16:09,0,1,1,5,1,6,6,6,1,5,5,5,1,4,6,1,5,5,5,5,4,1,2,2,2,1,3,4,4,4,1,4,5,5,5,4,4,4,1,4,4,4,,,,,,,,,,,,,,,,,,,,,,,,,,,,,,,,,,,,,-1,
R_2AEzJ17G5P2m7Dz,Default Response Set,Anonymous,,,98.146.192.183,0,2020-06-07 18:29:57,2020-06-07 18:30:00,0,1,,,,,,,,,,,,,,,,,,,,,,,,,,,,,,,,,,,,,,,,,,,,,,,,,,,,,,,,,,,,,,,,,,,,,,,,,,,,,-1,
R_bJyohM6Csidoi1r,Default Response Set,Anonymous,,,69.166.47.134,0,2020-06-07 18:29:54,2020-06-07 18:30:57,0,1,1,4,7,6,4,4,,,,,,,,,,,,,,,,,,,,,,,,,,,,,,,,,,,,,,,,,,,,,,,,,,,,,,,,,,,,,,,,,,,,,,,-1,
R_2qz0p913ZZklNhS,Default Response Set,Anonymous,,,107.77.205.72,0,2020-06-07 18:31:42,2020-06-07 18:31:46,0,1,,,,,,,,,,,,,,,,,,,,,,,,,,,,,,,,,,,,,,,,,,,,,,,,,,,,,,,,,,,,,,,,,,,,,,,,,,,,,-1,
R_3JrBPpFLbQLfyqv,Default Response Set,Anonymous,,,194.223.160.230,0,2020-06-07 18:32:02,2020-06-07 18:32:07,0,1,,,,,,,,,,,,,,,,,,,,,,,,,,,,,,,,,,,,,,,,,,,,,,,,,,,,,,,,,,,,,,,,,,,,,,,,,,,,,-1,
R_yR9cIdIhJbl2pPj,Default Response Set,Anonymous,,,98.146.205.45,0,2020-06-07 18:32:19,2020-06-07 18:32:22,0,1,,,,,,,,,,,,,,,,,,,,,,,,,,,,,,,,,,,,,,,,,,,,,,,,,,,,,,,,,,,,,,,,,,,,,,,,,,,,,-1,
R_3sgHhTTa9PPi7Ww,Default Response Set,Anonymous,,,98.146.196.170,0,2020-06-07 18:36:26,2020-06-07 18:36:42,0,1,,,,,,,,,,,,,,,,,,,,,,,,,,,,,,,,,,,,,,,,,,,,,,,,,,,,,,,,,,,,,,,,,,,,,,,,,,,,,-1,
R_diogBSEH4iEYFkl,Default Response Set,Anonymous,,,114.199.79.130,0,2020-06-07 18:35:35,2020-06-07 18:36:36,0,1,1,5,7,3,3,3,1,4,4,5,,,,,,,,,,,,,,,,,,,,,,,,,,,,,,,,,,,,,,,,,,,,,,,,,,,,,,,,,,,,,,,,,,,-1,
R_3iwAFaFcmhrZzQo,Default Response Set,Anonymous,,,107.77.205.136,0,2020-06-07 18:36:44,2020-06-07 18:37:32,0,1,1,3,7,6,6,6,,,,,,,,,,,,,,,,,,,,,,,,,,,,,,,,,,,,,,,,,,,,,,,,,,,,,,,,,,,,,,,,,,,,,,,-1,
R_3gLSXvZg6I0k05g,Default Response Set,Anonymous,,,69.166.46.134,0,2020-06-07 18:38:01,2020-06-07 18:38:03,0,1,,,,,,,,,,,,,,,,,,,,,,,,,,,,,,,,,,,,,,,,,,,,,,,,,,,,,,,,,,,,,,,,,,,,,,,,,,,,,-1,
R_2ZE3gsbmPGnQwY4,Default Response Set,Anonymous,,,223.104.63.34,0,2020-06-07 18:37:01,2020-06-07 18:39:29,0,1,1,5,7,5,7,1,,,,,,,,,,,,,,,,,,,,,,,,,,,,,,,,,,,,,,,,,,,,,,,,,,,,,,,,,,,,,,,,,,,,,,,-1,
R_1Ff794o8CdVwPZw,Default Response Set,Anonymous,,,98.146.201.43,0,2020-06-07 18:40:30,2020-06-07 18:40:33,0,1,,,,,,,,,,,,,,,,,,,,,,,,,,,,,,,,,,,,,,,,,,,,,,,,,,,,,,,,,,,,,,,,,,,,,,,,,,,,,-1,
R_1rwOXEokOAUVmVz,Default Response Set,Anonymous,,,134.49.235.58,0,2020-06-07 18:49:34,2020-06-07 18:49:36,0,1,,,,,,,,,,,,,,,,,,,,,,,,,,,,,,,,,,,,,,,,,,,,,,,,,,,,,,,,,,,,,,,,,,,,,,,,,,,,,-1,
R_R8kN90Xv0YTVxWV,Default Response Set,Anonymous,,,98.145.186.137,0,2020-06-07 18:47:52,2020-06-07 18:50:33,0,1,,,,,,,,,,,,,,,,,,,,,,,,,,,,,,,,,,,,,,,,,,,,,,,,,,,,,,,,,,,,,,,,,,,,,,,,,,,,,-1,
R_1esBryHciyK5n9s,Default Response Set,Anonymous,,,180.125.113.223,0,2020-06-07 18:54:19,2020-06-07 18:55:19,0,1,,,,,,,,,,,,,,,,,,,,,,,,,,,,,,,,,,,,,,,,,,,,,,,,,,,,,,,,,,,,,,,,,,,,,,,,,,,,,-1,
R_bHkpz0z0MCqAfXH,Default Response Set,Anonymous,,,153.33.29.111,0,2020-06-07 18:54:00,2020-06-07 18:55:37,0,1,1,5,7,5,4,5,1,3,4,2,,,,,,,,,,,,,,,,,,,,,,,,,,,,,,,,,,,,,,,,,,,,,,,,,,,,,,,,,,,,,,,,,,,-1,
R_2UWUOh7gyM1Aq8o,Default Response Set,Anonymous,,,68.185.40.5,0,2020-06-07 18:55:33,2020-06-07 18:57:03,0,1,1,4,7,6,6,6,,,,,,,,,,,,,,,,,,,,,,,,,,,,,,,,,,,,,,,,,,,,,,,,,,,,,,,,,,,,,,,,,,,,,,,-1,
R_1nZoc3g1mOZwzIB,Default Response Set,Anonymous,,,65.116.75.237,0,2020-06-07 18:59:03,2020-06-07 18:59:07,0,1,,,,,,,,,,,,,,,,,,,,,,,,,,,,,,,,,,,,,,,,,,,,,,,,,,,,,,,,,,,,,,,,,,,,,,,,,,,,,-1,
R_0Pa0z3iN2Enuyqt,Default Response Set,Anonymous,,,98.146.195.105,0,2020-06-07 18:59:31,2020-06-07 18:59:39,0,1,,,,,,,,,,,,,,,,,,,,,,,,,,,,,,,,,,,,,,,,,,,,,,,,,,,,,,,,,,,,,,,,,,,,,,,,,,,,,-1,
R_10D7RwxCy9S00By,Default Response Set,Anonymous,,,134.49.235.38,0,2020-06-07 18:26:52,2020-06-07 18:26:55,0,1,,,,,,,,,,,,,,,,,,,,,,,,,,,,,,,,,,,,,,,,,,,,,,,,,,,,,,,,,,,,,,,,,,,,,,,,,,,,,-1,
R_28ROW3lb5hviVqI,Default Response Set,Anonymous,,,160.32.75.95,0,2020-06-07 20:28:56,2020-06-07 20:29:46,0,1,1,5,7,7,7,7,,,,,,,,,,,,,,,,,,,,,,,,,,,,,,,,,,,,,,,,,,,,,,,,,,,,,,,,,,,,,,,,,,,,,,,-1,
R_dgsxZJIeZhQMIg1,Default Response Set,Anonymous,,,134.49.234.29,0,2020-06-07 20:34:26,2020-06-07 20:34:30,0,1,,,,,,,,,,,,,,,,,,,,,,,,,,,,,,,,,,,,,,,,,,,,,,,,,,,,,,,,,,,,,,,,,,,,,,,,,,,,,-1,
R_3MsS9zbdZuuttvA,Default Response Set,Anonymous,,,104.32.188.28,0,2020-06-07 20:47:46,2020-06-07 20:47:51,0,1,,,,,,,,,,,,,,,,,,,,,,,,,,,,,,,,,,,,,,,,,,,,,,,,,,,,,,,,,,,,,,,,,,,,,,,,,,,,,-1,
R_3PibvSH3fIdIX0U,Default Response Set,Anonymous,,,114.243.203.118,0,2020-06-07 20:49:08,2020-06-07 20:49:56,0,1,,,,,,,,,,,,,,,,,,,,,,,,,,,,,,,,,,,,,,,,,,,,,,,,,,,,,,,,,,,,,,,,,,,,,,,,,,,,,-1,
R_UAc4TO5L8xEJpLP,Default Response Set,Anonymous,,,71.73.67.128,0,2020-06-07 18:34:54,2020-06-07 18:37:09,0,1,1,5,7,4,4,4,1,4,3,3,1,3,7,1,5,5,3,5,1,1,2,2,2,1,1,6,1,1,,,,,,,,,,,,,,,,,,,,,,,,,,,,,,,,,,,,,,,,,,,,,,,,,-1,
R_2TuZA2bCYC0ZEfK,Default Response Set,Anonymous,,,134.49.237.203,0,2020-06-07 18:37:50,2020-06-07 18:37:56,0,1,,,,,,,,,,,,,,,,,,,,,,,,,,,,,,,,,,,,,,,,,,,,,,,,,,,,,,,,,,,,,,,,,,,,,,,,,,,,,-1,
R_2EhR4WmvJLIeT5y,Default Response Set,Anonymous,,,60.23.58.246,0,2020-06-07 18:42:33,2020-06-07 18:42:41,0,1,,,,,,,,,,,,,,,,,,,,,,,,,,,,,,,,,,,,,,,,,,,,,,,,,,,,,,,,,,,,,,,,,,,,,,,,,,,,,-1,
R_3DbXgS871M2o44r,Default Response Set,Anonymous,,,175.171.146.35,0,2020-06-07 18:45:29,2020-06-07 18:45:33,0,1,,,,,,,,,,,,,,,,,,,,,,,,,,,,,,,,,,,,,,,,,,,,,,,,,,,,,,,,,,,,,,,,,,,,,,,,,,,,,-1,
R_ZatuwPjfDkf9BqF,Default Response Set,Anonymous,,,14.1.99.8,0,2020-06-07 21:25:31,2020-06-07 21:25:35,0,1,,,,,,,,,,,,,,,,,,,,,,,,,,,,,,,,,,,,,,,,,,,,,,,,,,,,,,,,,,,,,,,,,,,,,,,,,,,,,-1,
R_yOvJHtDL0MvYyhX,Default Response Set,Anonymous,,,50.93.222.15,0,2020-06-07 21:33:03,2020-06-07 21:35:33,0,1,1,5,7,4,4,4,1,4,4,3,1,4,6,,,,,,,,,,,,,,,,,,,,,,,,,,,,,,,,,,,,,,,,,,,,,,,,,,,,,,,,,,,,,,,,-1,
R_1Gt0oX804Twnfbz,Default Response Set,Anonymous,,,218.92.45.170,0,2020-06-07 19:41:47,2020-06-07 19:42:46,0,1,1,4,6,6,6,6,,,,,,,,,,,,,,,,,,,,,,,,,,,,,,,,,,,,,,,,,,,,,,,,,,,,,,,,,,,,,,,,,,,,,,,-1,
R_3FVXZs0xNBTIZ7a,Default Response Set,Anonymous,,,107.77.220.232,0,2020-06-07 19:42:34,2020-06-07 19:43:56,0,1,1,5,7,6,6,6,1,4,4,4,1,5,6,,,,,,,,,,,,,,,,,,,,,,,,,,,,,,,,,,,,,,,,,,,,,,,,,,,,,,,,,,,,,,,,-1,
R_10SeD21s3Jxq651,Default Response Set,Anonymous,,,113.226.112.43,0,2020-06-07 19:47:28,2020-06-07 19:47:35,0,1,,,,,,,,,,,,,,,,,,,,,,,,,,,,,,,,,,,,,,,,,,,,,,,,,,,,,,,,,,,,,,,,,,,,,,,,,,,,,-1,
R_2xEicM7N2wWvSau,Default Response Set,Anonymous,,,49.87.51.225,0,2020-06-08 00:32:17,2020-06-08 00:32:43,0,1,,,,,,,,,,,,,,,,,,,,,,,,,,,,,,,,,,,,,,,,,,,,,,,,,,,,,,,,,,,,,,,,,,,,,,,,,,,,,-1,
R_33kEyfgaLQybf1Z,Default Response Set,Anonymous,,,107.77.195.69,0,2020-06-08 02:16:39,2020-06-08 02:16:46,0,1,,,,,,,,,,,,,,,,,,,,,,,,,,,,,,,,,,,,,,,,,,,,,,,,,,,,,,,,,,,,,,,,,,,,,,,,,,,,,-1,
R_2akPDs6aEBY1wJg,Default Response Set,Anonymous,,,76.178.177.27,0,2020-06-08 09:25:00,2020-06-08 09:25:08,0,1,,,,,,,,,,,,,,,,,,,,,,,,,,,,,,,,,,,,,,,,,,,,,,,,,,,,,,,,,,,,,,,,,,,,,,,,,,,,,-1,
R_eqvnpHel73ppq5H,Default Response Set,Anonymous,,,69.166.47.173,0,2020-06-08 16:04:57,2020-06-08 16:05:01,0,1,,,,,,,,,,,,,,,,,,,,,,,,,,,,,,,,,,,,,,,,,,,,,,,,,,,,,,,,,,,,,,,,,,,,,,,,,,,,,-1,
R_3NwgjHOMxyW9Xjj,Default Response Set,Anonymous,,,76.178.181.249,0,2020-06-08 16:04:19,2020-06-08 16:06:03,0,1,1,4,7,5,5,5,1,5,2,2,,,,,,,,,,,,,,,,,,,,,,,,,,,,,,,,,,,,,,,,,,,,,,,,,,,,,,,,,,,,,,,,,,,-1,
R_33jcXYKaVpJgwRz,Default Response Set,Anonymous,,,69.166.47.172,0,2020-06-08 16:07:15,2020-06-08 16:07:29,0,1,,,,,,,,,,,,,,,,,,,,,,,,,,,,,,,,,,,,,,,,,,,,,,,,,,,,,,,,,,,,,,,,,,,,,,,,,,,,,-1,
R_saNQO8PcLqwwZwZ,Default Response Set,Anonymous,,,69.166.47.134,0,2020-06-08 16:07:34,2020-06-08 16:07:42,0,1,,,,,,,,,,,,,,,,,,,,,,,,,,,,,,,,,,,,,,,,,,,,,,,,,,,,,,,,,,,,,,,,,,,,,,,,,,,,,-1,
R_ujI5GwwIpzcvcDD,Default Response Set,Anonymous,,,76.178.180.90,0,2020-06-08 16:08:02,2020-06-08 16:08:45,0,1,1,4,7,7,7,7,,,,,,,,,,,,,,,,,,,,,,,,,,,,,,,,,,,,,,,,,,,,,,,,,,,,,,,,,,,,,,,,,,,,,,,-1,
R_1ilgZqzaLisaDVz,Default Response Set,Anonymous,,,153.33.29.97,0,2020-06-08 16:09:17,2020-06-08 16:10:37,0,1,1,3,5,6,6,6,1,4,4,4,1,5,6,,,,,,,,,,,,,,,,,,,,,,,,,,,,,,,,,,,,,,,,,,,,,,,,,,,,,,,,,,,,,,,,-1,
R_3rNxZgti5GtcPlr,Default Response Set,Anonymous,,,73.181.177.96,0,2020-06-08 16:10:28,2020-06-08 16:11:54,0,1,1,5,7,7,5,7,1,5,5,5,,,,,,,,,,,,,,,,,,,,,,,,,,,,,,,,,,,,,,,,,,,,,,,,,,,,,,,,,,,,,,,,,,,-1,
R_30k3mMknaARQLDD,Default Response Set,Anonymous,,,50.194.62.1,0,2020-06-08 16:23:31,2020-06-08 16:25:39,0,1,1,5,7,6,5,5,1,4,3,5,1,5,7,,,,,,,,,,,,,,,,,,,,,,,,,,,,,,,,,,,,,,,,,,,,,,,,,,,,,,,,,,,,,,,,-1,
R_32INZCzPJiUZNCr,Default Response Set,Anonymous,,,142.202.230.168,0,2020-06-08 16:30:13,2020-06-08 16:30:18,0,1,,,,,,,,,,,,,,,,,,,,,,,,,,,,,,,,,,,,,,,,,,,,,,,,,,,,,,,,,,,,,,,,,,,,,,,,,,,,,-1,
R_1zUOGuPIEK4K3uh,Default Response Set,Anonymous,,,69.120.251.55,0,2020-06-08 16:14:04,2020-06-08 16:36:46,0,1,1,4,3,6,6,6,1,2,5,5,1,4,2,,,,,,,,,,,,,,,,,,,,,,,,,,,,,,,,,,,,,,,,,,,,,,,,,,,,,,,,,,,,,,,,-1,
R_3m4q5005M0af1C0,Default Response Set,Anonymous,,,97.120.114.136,0,2020-06-08 16:41:44,2020-06-08 16:41:47,0,1,,,,,,,,,,,,,,,,,,,,,,,,,,,,,,,,,,,,,,,,,,,,,,,,,,,,,,,,,,,,,,,,,,,,,,,,,,,,,-1,
R_2rubKlfvQlay7mG,Default Response Set,Anonymous,,,184.217.74.225,0,2020-06-08 16:41:50,2020-06-08 16:41:57,0,1,,,,,,,,,,,,,,,,,,,,,,,,,,,,,,,,,,,,,,,,,,,,,,,,,,,,,,,,,,,,,,,,,,,,,,,,,,,,,-1,
R_3qPYOUjtiCJoDMq,Default Response Set,Anonymous,,,66.45.141.194,0,2020-06-08 16:41:43,2020-06-08 16:42:29,0,1,1,5,7,6,6,4,,,,,,,,,,,,,,,,,,,,,,,,,,,,,,,,,,,,,,,,,,,,,,,,,,,,,,,,,,,,,,,,,,,,,,,-1,
R_cI9EEQgqtLvdzNv,Default Response Set,Anonymous,,,223.104.57.230,0,2020-06-08 16:43:02,2020-06-08 16:43:08,0,1,,,,,,,,,,,,,,,,,,,,,,,,,,,,,,,,,,,,,,,,,,,,,,,,,,,,,,,,,,,,,,,,,,,,,,,,,,,,,-1,
R_3fTqRL5gX84eNxa,Default Response Set,Anonymous,,,70.60.253.62,0,2020-06-08 16:42:52,2020-06-08 16:42:59,0,1,,,,,,,,,,,,,,,,,,,,,,,,,,,,,,,,,,,,,,,,,,,,,,,,,,,,,,,,,,,,,,,,,,,,,,,,,,,,,-1,
R_3hGVoskuNjDmNY5,Default Response Set,Anonymous,,,99.235.250.219,0,2020-06-08 16:45:14,2020-06-08 16:46:14,0,1,1,4,7,6,5,5,1,5,5,4,,,,,,,,,,,,,,,,,,,,,,,,,,,,,,,,,,,,,,,,,,,,,,,,,,,,,,,,,,,,,,,,,,,-1,
R_2eUuRqjBiLExsBR,Default Response Set,Anonymous,,,142.177.182.248,0,2020-06-08 16:49:44,2020-06-08 16:50:41,0,1,1,5,7,4,7,7,,,,,,,,,,,,,,,,,,,,,,,,,,,,,,,,,,,,,,,,,,,,,,,,,,,,,,,,,,,,,,,,,,,,,,,-1,
R_22LHP9ZAvaBUskt,Default Response Set,Anonymous,,,75.185.38.156,0,2020-06-08 16:55:11,2020-06-08 16:55:28,0,1,,,,,,,,,,,,,,,,,,,,,,,,,,,,,,,,,,,,,,,,,,,,,,,,,,,,,,,,,,,,,,,,,,,,,,,,,,,,,-1,
R_32Xa77hCfhwM0LR,Default Response Set,Anonymous,,,172.58.35.39,0,2020-06-08 16:58:07,2020-06-08 16:58:35,0,1,1,5,7,6,6,6,,,,,,,,,,,,,,,,,,,,,,,,,,,,,,,,,,,,,,,,,,,,,,,,,,,,,,,,,,,,,,,,,,,,,,,-1,
R_1mkEhC9GA7GnK7Q,Default Response Set,Anonymous,,,173.48.216.6,0,2020-06-08 17:08:00,2020-06-08 17:08:18,0,1,,,,,,,,,,,,,,,,,,,,,,,,,,,,,,,,,,,,,,,,,,,,,,,,,,,,,,,,,,,,,,,,,,,,,,,,,,,,,-1,
R_1Qa2x07qEVmyDAP,Default Response Set,Anonymous,,,63.145.62.105,0,2020-06-08 17:10:46,2020-06-08 17:10:52,0,1,,,,,,,,,,,,,,,,,,,,,,,,,,,,,,,,,,,,,,,,,,,,,,,,,,,,,,,,,,,,,,,,,,,,,,,,,,,,,-1,
R_NXrb6dBuzjclgjv,Default Response Set,Anonymous,,,98.164.255.82,0,2020-06-08 17:11:07,2020-06-08 17:11:11,0,1,,,,,,,,,,,,,,,,,,,,,,,,,,,,,,,,,,,,,,,,,,,,,,,,,,,,,,,,,,,,,,,,,,,,,,,,,,,,,-1,
R_3j27L66TgxNBE6W,Default Response Set,Anonymous,,,70.18.14.199,0,2020-06-08 17:12:57,2020-06-08 17:13:15,0,1,1,5,6,5,4,4,,,,,,,,,,,,,,,,,,,,,,,,,,,,,,,,,,,,,,,,,,,,,,,,,,,,,,,,,,,,,,,,,,,,,,,-1,
R_2Pbx1zB2BzSjRkN,Default Response Set,Anonymous,,,183.132.197.150,0,2020-06-08 17:16:04,2020-06-08 17:16:08,0,1,,,,,,,,,,,,,,,,,,,,,,,,,,,,,,,,,,,,,,,,,,,,,,,,,,,,,,,,,,,,,,,,,,,,,,,,,,,,,-1,
R_1gd1df3iH5KqYTs,Default Response Set,Anonymous,,,76.186.45.187,0,2020-06-08 17:23:23,2020-06-08 17:23:32,0,1,,,,,,,,,,,,,,,,,,,,,,,,,,,,,,,,,,,,,,,,,,,,,,,,,,,,,,,,,,,,,,,,,,,,,,,,,,,,,-1,
R_1i9Sixq8xFqcrpf,Default Response Set,Anonymous,,,67.5.115.230,0,2020-06-08 18:34:10,2020-06-08 18:35:07,0,1,,,,,,,,,,,,,,,,,,,,,,,,,,,,,,,,,,,,,,,,,,,,,,,,,,,,,,,,,,,,,,,,,,,,,,,,,,,,,-1,
R_yWa0SSU7FxuzThf,Default Response Set,Anonymous,,,45.79.73.242,0,2020-06-08 19:40:48,2020-06-08 19:41:17,0,1,,,,,,,,,,,,,,,,,,,,,,,,,,,,,,,,,,,,,,,,,,,,,,,,,,,,,,,,,,,,,,,,,,,,,,,,,,,,,-1,
R_1C3J2xvluhkBRYx,Default Response Set,Anonymous,,,172.58.44.133,0,2020-06-08 20:07:15,2020-06-08 20:07:18,0,1,,,,,,,,,,,,,,,,,,,,,,,,,,,,,,,,,,,,,,,,,,,,,,,,,,,,,,,,,,,,,,,,,,,,,,,,,,,,,-1,
R_2DV7cgioeJIMmqk,Default Response Set,Anonymous,,,36.27.110.145,0,2020-06-08 20:07:27,2020-06-08 20:07:31,0,1,,,,,,,,,,,,,,,,,,,,,,,,,,,,,,,,,,,,,,,,,,,,,,,,,,,,,,,,,,,,,,,,,,,,,,,,,,,,,-1,
R_2f0YGklkufMAej2,Default Response Set,Anonymous,,,123.185.44.164,0,2020-06-08 20:11:43,2020-06-08 20:11:51,0,1,,,,,,,,,,,,,,,,,,,,,,,,,,,,,,,,,,,,,,,,,,,,,,,,,,,,,,,,,,,,,,,,,,,,,,,,,,,,,-1,
R_30iscID0eZdATBj,Default Response Set,Anonymous,,,107.77.205.31,0,2020-06-08 20:15:05,2020-06-08 20:15:10,0,1,,,,,,,,,,,,,,,,,,,,,,,,,,,,,,,,,,,,,,,,,,,,,,,,,,,,,,,,,,,,,,,,,,,,,,,,,,,,,-1,
R_31cj0OYKD5t5yE1,Default Response Set,Anonymous,,,68.234.244.89,0,2020-06-07 18:38:28,2020-06-08 20:17:54,0,1,1,4,2,4,4,4,,,,,,,,,,,,,,,,,,,,,,,,,,,,,,,,,,,,,,,,,,,,,,,,,,,,,,,,,,,,,,,,,,,,,,,-1,
R_2YKTXP2bD5XP7nM,Default Response Set,Anonymous,,,124.64.16.44,0,2020-06-08 19:40:14,2020-06-08 19:40:18,0,1,,,,,,,,,,,,,,,,,,,,,,,,,,,,,,,,,,,,,,,,,,,,,,,,,,,,,,,,,,,,,,,,,,,,,,,,,,,,,-1,
R_1q8amGjSMXlGsiW,Default Response Set,Anonymous,,,60.180.196.68,0,2020-06-08 19:40:25,2020-06-08 19:41:49,0,1,,,,,,,,,,,,,,,,,,,,,,,,,,,,,,,,,,,,,,,,,,,,,,,,,,,,,,,,,,,,,,,,,,,,,,,,,,,,,-1,
R_2uTL5gKiTc8RoC3,Default Response Set,Anonymous,,,153.33.29.124,0,2020-06-08 20:21:05,2020-06-08 20:22:10,0,1,1,4,7,4,7,7,,,,,,,,,,,,,,,,,,,,,,,,,,,,,,,,,,,,,,,,,,,,,,,,,,,,,,,,,,,,,,,,,,,,,,,-1,
R_QgB5NqFjeXEYgVz,Default Response Set,Anonymous,,,112.40.66.255,0,2020-06-08 20:16:34,2020-06-08 20:22:12,0,1,1,4,7,6,5,5,,,,,,,,,,,,,,,,,,,,,,,,,,,,,,,,,,,,,,,,,,,,,,,,,,,,,,,,,,,,,,,,,,,,,,,-1,
R_eX7ldTLRTobnG6t,Default Response Set,Anonymous,,,134.49.234.144,0,2020-06-08 20:22:01,2020-06-08 20:22:22,0,1,,,,,,,,,,,,,,,,,,,,,,,,,,,,,,,,,,,,,,,,,,,,,,,,,,,,,,,,,,,,,,,,,,,,,,,,,,,,,-1,
R_uwx3lL1tTj8MC41,Default Response Set,Anonymous,,,112.42.52.64,0,2020-06-08 20:22:14,2020-06-08 20:22:24,0,1,,,,,,,,,,,,,,,,,,,,,,,,,,,,,,,,,,,,,,,,,,,,,,,,,,,,,,,,,,,,,,,,,,,,,,,,,,,,,-1,
R_1puGEQHG4TPS5ez,Default Response Set,Anonymous,,,223.104.177.37,0,2020-06-08 20:22:33,2020-06-08 20:22:38,0,1,,,,,,,,,,,,,,,,,,,,,,,,,,,,,,,,,,,,,,,,,,,,,,,,,,,,,,,,,,,,,,,,,,,,,,,,,,,,,-1,
R_2y3gtIvtJCRHsFn,Default Response Set,Anonymous,,,153.33.29.134,0,2020-06-08 20:22:47,2020-06-08 20:22:50,0,1,,,,,,,,,,,,,,,,,,,,,,,,,,,,,,,,,,,,,,,,,,,,,,,,,,,,,,,,,,,,,,,,,,,,,,,,,,,,,-1,
R_1LhY8hXDNzJ9edD,Default Response Set,Anonymous,,,68.93.142.32,0,2020-06-08 20:02:40,2020-06-08 20:03:23,0,1,1,5,7,5,4,4,,,,,,,,,,,,,,,,,,,,,,,,,,,,,,,,,,,,,,,,,,,,,,,,,,,,,,,,,,,,,,,,,,,,,,,-1,
R_2PckxeI34CZyw8G,Default Response Set,Anonymous,,,223.104.177.78,0,2020-06-08 20:23:17,2020-06-08 20:23:40,0,1,1,2,1,4,1,3,1,3,5,2,,,,,,,,,,,,,,,,,,,,,,,,,,,,,,,,,,,,,,,,,,,,,,,,,,,,,,,,,,,,,,,,,,,-1,
R_1LCfv5NKGfEjhJ5,Default Response Set,Anonymous,,,175.171.102.184,0,2020-06-08 20:22:53,2020-06-08 20:23:40,0,1,1,5,1,1,1,5,1,1,3,3,1,5,6,1,5,2,5,5,5,1,3,1,3,,,,,,,,,,,,,,,,,,,,,,,,,,,,,,,,,,,,,,,,,,,,,,,,,,,,,,-1,
R_2tu1TsI37idvhqC,Default Response Set,Anonymous,,,223.104.177.50,0,2020-06-08 20:24:16,2020-06-08 20:24:20,0,1,,,,,,,,,,,,,,,,,,,,,,,,,,,,,,,,,,,,,,,,,,,,,,,,,,,,,,,,,,,,,,,,,,,,,,,,,,,,,-1,
R_12FOd0EEJaGVOYY,Default Response Set,Anonymous,,,108.45.75.125,0,2020-06-08 20:40:25,2020-06-08 20:40:29,0,1,,,,,,,,,,,,,,,,,,,,,,,,,,,,,,,,,,,,,,,,,,,,,,,,,,,,,,,,,,,,,,,,,,,,,,,,,,,,,-1,
R_1IjekqbliLdV1a6,Default Response Set,Anonymous,,,76.178.183.136,0,2020-06-08 20:41:25,2020-06-08 20:41:29,0,1,,,,,,,,,,,,,,,,,,,,,,,,,,,,,,,,,,,,,,,,,,,,,,,,,,,,,,,,,,,,,,,,,,,,,,,,,,,,,-1,
R_2VPXYulQdbYIVfX,Default Response Set,Anonymous,,,24.243.60.69,0,2020-06-08 20:43:55,2020-06-08 20:44:44,0,1,1,5,6,5,5,5,,,,,,,,,,,,,,,,,,,,,,,,,,,,,,,,,,,,,,,,,,,,,,,,,,,,,,,,,,,,,,,,,,,,,,,-1,
R_W2SKAV3KjFoqpYR,Default Response Set,Anonymous,,,134.49.235.246,0,2020-06-08 20:42:19,2020-06-08 20:46:24,0,1,1,5,7,7,6,6,1,5,5,5,1,5,7,1,3,2,3,3,3,1,2,2,2,1,4,4,4,4,1,3,4,4,4,3,3,3,1,6,6,6,,,,,,,,,,,,,,,,,,,,,,,,,,,,,,,,,,,,,-1,
R_ZDJ7zWwdZgDHJVn,Default Response Set,Anonymous,,,36.61.111.188,0,2020-06-08 20:48:51,2020-06-08 20:48:59,0,1,,,,,,,,,,,,,,,,,,,,,,,,,,,,,,,,,,,,,,,,,,,,,,,,,,,,,,,,,,,,,,,,,,,,,,,,,,,,,-1,
R_OJU1UkrWAlUUDrH,Default Response Set,Anonymous,,,124.64.16.77,0,2020-06-08 21:02:27,2020-06-08 21:02:32,0,1,,,,,,,,,,,,,,,,,,,,,,,,,,,,,,,,,,,,,,,,,,,,,,,,,,,,,,,,,,,,,,,,,,,,,,,,,,,,,-1,
R_1fdVi3zhfZTIohl,Default Response Set,Anonymous,,,76.178.23.17,0,2020-06-08 21:34:38,2020-06-08 21:39:23,0,1,1,5,7,4,4,4,1,3,3,5,1,5,7,1,3,1,3,3,3,1,2,2,2,1,1,6,6,4,,,,,,,,,,,,,,,,,,,,,,,,,,,,,,,,,,,,,,,,,,,,,,,,,-1,
R_3qIskGNyihCWSzH,Default Response Set,Anonymous,,,117.136.30.46,0,2020-06-08 22:52:49,2020-06-08 22:52:53,0,1,,,,,,,,,,,,,,,,,,,,,,,,,,,,,,,,,,,,,,,,,,,,,,,,,,,,,,,,,,,,,,,,,,,,,,,,,,,,,-1,
R_31usRx5FWZYtqfi,Default Response Set,Anonymous,,,69.166.47.145,0,2020-06-08 22:57:31,2020-06-08 22:57:35,0,1,,,,,,,,,,,,,,,,,,,,,,,,,,,,,,,,,,,,,,,,,,,,,,,,,,,,,,,,,,,,,,,,,,,,,,,,,,,,,-1,
R_pFeSR9JqVozqHxD,Default Response Set,Anonymous,,,117.136.78.61,0,2020-06-08 22:58:19,2020-06-08 22:59:22,0,1,1,2,5,2,4,3,1,3,2,4,,,,,,,,,,,,,,,,,,,,,,,,,,,,,,,,,,,,,,,,,,,,,,,,,,,,,,,,,,,,,,,,,,,-1,
R_1oc1BlQw8nbN8Gz,Default Response Set,Anonymous,,,134.49.235.218,0,2020-06-08 23:02:28,2020-06-08 23:02:30,0,1,,,,,,,,,,,,,,,,,,,,,,,,,,,,,,,,,,,,,,,,,,,,,,,,,,,,,,,,,,,,,,,,,,,,,,,,,,,,,-1,
R_2dFNYon04kPjxFk,Default Response Set,Anonymous,,,134.49.234.211,0,2020-06-08 23:00:07,2020-06-08 23:05:04,0,1,1,5,1,1,1,1,1,3,2,3,1,2,2,1,2,2,2,3,2,1,2,2,1,1,4,2,2,7,1,4,3,3,3,2,3,2,1,2,3,7,1,2,3,5,1,5,2,16,16,1,1,5,2,1,5,2,1,1,1,5,6,6,,,,,,,,,,,,,,,-1,
R_1doFRx6YPxD78Cn,Default Response Set,Anonymous,,,107.77.231.130,0,2020-06-08 23:05:52,2020-06-08 23:05:55,0,1,,,,,,,,,,,,,,,,,,,,,,,,,,,,,,,,,,,,,,,,,,,,,,,,,,,,,,,,,,,,,,,,,,,,,,,,,,,,,-1,
R_12hBWYZ0R6c180t,Default Response Set,Anonymous,,,107.77.205.55,0,2020-06-08 23:26:09,2020-06-08 23:26:18,0,1,,,,,,,,,,,,,,,,,,,,,,,,,,,,,,,,,,,,,,,,,,,,,,,,,,,,,,,,,,,,,,,,,,,,,,,,,,,,,-1,
R_33gwmgunBZ7eEiD,Default Response Set,Anonymous,,,98.146.195.105,0,2020-06-08 23:31:14,2020-06-08 23:31:21,0,1,,,,,,,,,,,,,,,,,,,,,,,,,,,,,,,,,,,,,,,,,,,,,,,,,,,,,,,,,,,,,,,,,,,,,,,,,,,,,-1,
R_2CID0yYJHSa8xK6,Default Response Set,Anonymous,,,98.146.229.206,0,2020-06-08 23:29:34,2020-06-08 23:35:48,0,1,1,4,7,6,6,6,1,5,5,3,1,5,6,1,3,4,2,4,2,1,2,2,1,1,5,4,5,5,1,4,6,4,4,2,3,4,1,6,6,7,1,1,7,5,1,5,1,16,16,,,,,,,,,,,,,,,,,,,,,,,,,,,,-1,
R_1hW6jMUnu9OF8m7,Default Response Set,Anonymous,,,134.49.239.221,0,2020-06-08 23:41:15,2020-06-08 23:41:41,0,1,1,5,7,7,7,7,1,5,5,5,,,,,,,,,,,,,,,,,,,,,,,,,,,,,,,,,,,,,,,,,,,,,,,,,,,,,,,,,,,,,,,,,,,-1,
R_1ib071GvWrcBRam,Default Response Set,Anonymous,,,69.166.47.171,0,2020-06-08 23:40:45,2020-06-08 23:42:52,0,1,1,5,1,6,6,6,,,,,,,,,,,,,,,,,,,,,,,,,,,,,,,,,,,,,,,,,,,,,,,,,,,,,,,,,,,,,,,,,,,,,,,-1,
R_1Hcc7o6aTiCbiCu,Default Response Set,Anonymous,,,112.10.61.200,0,2020-06-08 23:55:50,2020-06-08 23:56:14,0,1,,,,,,,,,,,,,,,,,,,,,,,,,,,,,,,,,,,,,,,,,,,,,,,,,,,,,,,,,,,,,,,,,,,,,,,,,,,,,-1,
R_8cBiR117jmCU9BT,Default Response Set,Anonymous,,,76.178.178.68,0,2020-06-08 23:57:06,2020-06-08 23:59:36,0,1,1,4,7,7,4,4,1,5,3,3,1,5,5,1,3,4,,,,,,,,,,,,,,,,,,,,,,,,,,,,,,,,,,,,,,,,,,,,,,,,,,,,,,,,,,,,,-1,
R_3QYSQMQHNiUaC1F,Default Response Set,Anonymous,,,98.146.201.140,0,2020-06-09 00:19:02,2020-06-09 00:20:04,0,1,1,5,7,4,4,4,,,,,,,,,,,,,,,,,,,,,,,,,,,,,,,,,,,,,,,,,,,,,,,,,,,,,,,,,,,,,,,,,,,,,,,-1,
R_332TBBMnJRCqWBN,Default Response Set,Anonymous,,,69.166.47.134,0,2020-06-09 01:29:28,2020-06-09 01:29:31,0,1,,,,,,,,,,,,,,,,,,,,,,,,,,,,,,,,,,,,,,,,,,,,,,,,,,,,,,,,,,,,,,,,,,,,,,,,,,,,,-1,
R_3qPa1SGBNY41QAP,Default Response Set,Anonymous,,,223.104.237.103,0,2020-06-08 03:43:59,2020-06-09 02:25:01,0,1,1,5,3,3,1,2,1,2,4,2,1,2,1,1,5,3,5,1,2,1,1,1,2,1,2,1,2,7,1,3,2,1,2,2,1,3,1,6,2,5,1,1,2,5,1,2,4,18,17,1,1,2,5,,,,,,,,,,,,,,,,,,,,,,,,-1,
R_3PulC9Ucin3NXeU,Default Response Set,Anonymous,,,134.49.234.247,0,2020-06-08 23:47:15,2020-06-09 05:19:33,0,1,1,5,7,7,7,7,1,5,5,5,1,5,7,,,,,,,,,,,,,,,,,,,,,,,,,,,,,,,,,,,,,,,,,,,,,,,,,,,,,,,,,,,,,,,,-1,
R_2q341JlCxTWoCkV,Default Response Set,Anonymous,,,76.178.179.44,0,2020-06-09 08:37:06,2020-06-09 08:37:09,0,1,,,,,,,,,,,,,,,,,,,,,,,,,,,,,,,,,,,,,,,,,,,,,,,,,,,,,,,,,,,,,,,,,,,,,,,,,,,,,-1,
R_3320m8iVVElPB1q,Default Response Set,Anonymous,,,76.178.182.135,0,2020-06-09 08:50:05,2020-06-09 08:50:24,0,1,,,,,,,,,,,,,,,,,,,,,,,,,,,,,,,,,,,,,,,,,,,,,,,,,,,,,,,,,,,,,,,,,,,,,,,,,,,,,-1,
R_6F246Jg50TYLIVb,Default Response Set,Anonymous,,,134.49.235.142,0,2020-06-09 12:50:39,2020-06-09 12:50:45,0,1,,,,,,,,,,,,,,,,,,,,,,,,,,,,,,,,,,,,,,,,,,,,,,,,,,,,,,,,,,,,,,,,,,,,,,,,,,,,,-1,
R_1qaDwkvfKDryY8E,Default Response Set,Anonymous,,,67.183.236.54,0,2020-06-09 13:21:10,2020-06-09 13:22:02,0,1,,,,,,,,,,,,,,,,,,,,,,,,,,,,,,,,,,,,,,,,,,,,,,,,,,,,,,,,,,,,,,,,,,,,,,,,,,,,,-1,
